name,latitude,longitude,description,city,country,address
Simmeringer Friedhof,48.170705555,16.423241666,Wikidata: Q2287236,Vienna,Austria,
Simonscher Friedhof,50.2732,10.9618,Wikidata: Q1512763,Coburg,Germany,
Simose Art Museum,34.241275,132.227025,Wikidata: Q132176507,Ōtake-shi,Japan,
Simsbury Bank and Trust Company Building,41.875278,-72.801667,Wikidata: Q7521251,Connecticut,United States,
Singapore Indoor Stadium,1.300555555,103.874444444,Wikidata: Q618988,Kallang,Singapore,
Singer Building (Tehran),35.691611111,51.424055555,Wikidata: Q42707292,District 12,Iran,
Singer House,59.935833333,30.325555555,Wikidata: Q737377,Tsentralny District,Russia,
Sint-Jan Evangelistkerk,51.176494444,4.377911111,Wikidata: Q108667292,Antwerp,Belgium,
Sint-Jozefkapel (Tielrode),51.110635,4.174435,Wikidata: Q2131557,Temse,Belgium,
Sint-Jozefkerk,51.253841666,4.460161111,Wikidata: Q56084866,Antwerp,Belgium,
Sint-Rochuskerk (Saint-Roch),50.731233333,4.243911111,Wikidata: Q124359320,Halle,Belgium,
Site containing at least seven burial mounds in Vijlenerbos,50.7657,5.982,Wikidata: Q17455828,Vaals,Netherlands,
Sittard War Cemetery,50.9891,5.8543,Wikidata: Q2922473,Sittard-Geleen,Netherlands,
six sépultures circulaires sous tertre tumulaire,47.634583,-2.957083,Wikidata: Q22992078,Le Bono,France,
Sixth ENI Office Building,45.422384,9.258486,Wikidata: Q77009188,San Donato Milanese,Italy,
Skelhøj,55.41270146,8.870961538,Wikidata: Q7534453,Vejen Municipality,Denmark,
Skogskyrkogården,59.275555555,18.099444444,Wikidata: Q213988,Stockholm,Sweden,
Skopje Train Station,41.9912,21.4459,Wikidata: Q3097759,Centar Municipality,North Macedonia,
Slávičie údolie cemetery,48.156262,17.068139,Wikidata: Q1164326,Karlova Ves,Slovakia,
Slavín,48.153888888,17.099722222,Wikidata: Q1553111,Bratislava,Slovakia,
Slavonski Brod Synagogue,45.155426,18.01263,Wikidata: Q7539504,Slavonski Brod,Croatia,
Sleep Train Pavilion,37.9597,-121.946,Wikidata: Q7539731,Concord,United States,
Sleepy Hollow Cemetery,41.096944444,-73.860277777,Wikidata: Q360779,Sleepy Hollow,United States,
Sleepy Hollow Cemetery,42.4633,-71.3444,Wikidata: Q2972565,Concord,United States,
Smith Tower,47.601925,-122.331730555,Wikidata: Q1196348,Seattle,United States,
Smolensk Armenian cemetery,59.948333333,30.253611111,Wikidata: Q4424992,Saint Petersburg,Russia,
Smolenskoye Orthodox Cemetery,59.94333333,30.24861111,Wikidata: Q2444377,Vasileostrovsky District,Russia,
Smolensky Lutheran Cemetery,59.951111111,30.254166666,Wikidata: Q2972631,Vasileostrovsky District,Russia,
Smolny Institute,59.946388888,30.396388888,Wikidata: Q728971,Smolny Passage,Russia,
Snubbekorset,55.67588,12.30084,Wikidata: Q12336224,Høje-Taastrup Municipality,Denmark,
Soccer City Stadium,-26.234806,27.982378,Wikidata: Q163521,,,
Social Science Research Center Berlin,52.5066,13.3651,Wikidata: Q104529940,Bezirk Mitte,Germany,
Socx Churchyard,50.936204,2.422682,Wikidata: Q1819538,Socx,France,
Söderala 33:1,61.285466,16.981443,Wikidata: Q29359450,Söderhamn Municipality,Sweden,
Söderhamn 1:1,61.298017,17.045497,Wikidata: Q29359875,Söderhamn Municipality,Sweden,
Söderhamn 1:2,61.297937,17.04531,Wikidata: Q29359876,Söderhamn Municipality,Sweden,
Soestdijk Palace,52.19333,5.27944,Wikidata: Q234048,Baarn,Netherlands,
Soffiano Cemetery,43.76246389,11.21493333,Wikidata: Q3676950,Florence,Italy,
SoFi Stadium,33.9504,-118.338,Wikidata: Q19520501,,,
Soldatenfriedhof Böddeken,51.584,8.67,Wikidata: Q2298577,Büren,Germany,
Soldatenfriedhof Dahn,49.1458,7.78708,Wikidata: Q1157498,Dahn,Germany,
Soldatenfriedhof Mauthausen,48.247430555,14.546338888,Wikidata: Q2298591,Mauthausen,Austria,
Soldier Field,41.8625,-87.616666666,Wikidata: Q1132413,,,
Solitude Palace,48.786944444,9.084166666,Wikidata: Q561962,Stuttgart-West,Germany,
Solomianka cemetery,50.428333333,30.471111111,Wikidata: Q3406822,Solomianka Raion,Ukraine,
Solow Building,40.7639,-73.9748,Wikidata: Q632019,New York,United States,
Somain Communal Cemetery,50.365514,3.280472,Wikidata: Q2495617,Somain,France,
Somerset House,51.511111111,-0.117777777,Wikidata: Q1344889,City of Westminster,United Kingdom,
Somerville City Hall,42.3872,-71.09819,Wikidata: Q7559965,Somerville,United States,
Sopelana,43.380278,-2.978889,Wikidata: Q3045479,Sopela,Spain,
Soros,38.117969,23.978326,Wikidata: Q17276497,Marathonas Municipality,Greece,
Sorring Låddenhøj,56.181350594,9.790325012,Wikidata: Q23746333,Silkeborg Municipality,Denmark,
Sorvali Cemetery,60.7317802,28.6995935,Wikidata: Q4429000,Vyborg,Russia,
Soues churchyard,49.955346,2.055847,Wikidata: Q4308155,Soues,France,
South Blockhouse,46.914322,-121.643277,Wikidata: Q97852658,Pierce County,United States,
South Campground Comfort Station,37.203596,-112.983217,Wikidata: Q63604428,Washington County,United States,
South Cemetery Wiesbaden,50.060388888,8.268055555,Wikidata: Q2164411,Wiesbaden,Germany,
South Park Street Cemetery,22.546568,88.36039,Wikidata: Q2972549,"Ward No. 63, Kolkata Municipal Corporation",India,
South Providence Library-Providence Community Library,41.801944,-71.414167,Wikidata: Q7568275,Rhode Island,United States,
South Wimbledon tube station,51.415275,-0.192079,Wikidata: Q1974760,London Borough of Merton,United Kingdom,
Southern Han Mausoleums Museum,23.05073,113.37789,Wikidata: Q232014,Xiaoguwei Subdistrict,China,
Soviet Cemetery Weimar,50.9749,11.3316,Wikidata: Q2305043,Weimar,Germany,
Soviet Military Cemetery,52.2025,20.986666666,Wikidata: Q1572695,Warsaw,Poland,
Soviet military cemetery in Augustów,53.851864,22.989712,Wikidata: Q647751,Augustów,Poland,
Soviet military cemetery in Bielsko-Biała,49.8291,19.0656,Wikidata: Q649359,Bielsko-Biała,Poland,
Soviet military cemetery in Suwałki,54.1391,22.9325,Wikidata: Q891571,Suwałki,Poland,
Soviet military cemetery in Żywiec,49.694238888,19.226583333,Wikidata: Q3890418,Żywiec,Poland,
Soviet officers cemetery in Wrocław,51.065555555,17.003611111,Wikidata: Q4222840,Wrocław,Poland,
Soviet prisoners of war and soldiers cemetery in Zambrów,52.972263888,22.258030555,Wikidata: Q4222842,Zambrów,Poland,
Soviet War Memorial,52.516603,13.371931,Wikidata: Q32660126,Berlin,Germany,
Soviet War Memorial,52.486111,13.471667,Wikidata: Q48441,Berlin,Germany,
Soviet war memorial in Woltersdorf,52.450777777,13.752555555,Wikidata: Q1921512,Woltersdorf,Germany,
Soviet War Memorial Schönholzer Heide,52.581666666,13.3725,Wikidata: Q49745,Pankow,Germany,
Sovske cemetery,50.4075,30.473889,Wikidata: Q4426634,Kyiv,Ukraine,
Sowjetische Kriegsgräberstätte Simmerath-Rurberg,50.6094,6.36538,Wikidata: Q2305024,Simmerath,Germany,
Sowjetischer Ehrenfriedhof Baruth/Mark,52.0666275,13.50713158,Wikidata: Q2545350,Baruth/Mark,Germany,
Sowjetischer Ehrenfriedhof Reitwein,52.5006,14.5783,Wikidata: Q2305023,Reitwein,Germany,
Sowjetischer Friedhof in Belvedere,50.9501,11.3481,Wikidata: Q1580492,Weimar,Germany,
Sowjetischer Garnisonfriedhof,51.078333333,13.773333333,Wikidata: Q2305110,Dresden,Germany,
Sowjetischer Garnisonsfriedhof Eberswalde,52.8356,13.7925,Wikidata: Q1650730,Eberswalde,Germany,
Space Needle,47.6204,-122.3491,Wikidata: Q5317,Seattle,United States,
Sparks Hall,42.819722,-103,Wikidata: Q43371246,Chadron,United States,
Spencer House,43.032925,-76.126669,Wikidata: Q7576086,New York,United States,
Speyer Cathedral,49.317222,8.4425,Wikidata: Q22720,Speyer,Germany,
Spitalkirche Heilig Geist,47.5663,10.70036,Wikidata: Q41217721,Füssen,Germany,
Spring Grove Cemetery,39.164558333,-84.522672222,Wikidata: Q2313810,Cincinnati,United States,
SQY Ouest,48.783887,2.040601,Wikidata: Q113841017,Montigny-le-Bretonneux,France,
Srebrenica Genocide Memorial,44.158056,19.301667,Wikidata: Q6127500,Potočari,Bosnia and Herzegovina,
St Andrew's Cathedral,55.855672455,-4.252836473,Wikidata: Q2002811,Glasgow City,United Kingdom,
St Botolph Building,51.514822222,-0.077116666,Wikidata: Q20639499,London,United Kingdom,
"St Gabriel's Church, Blackburn",53.774479,-2.476983,Wikidata: Q78596928,Blackburn with Darwen,United Kingdom,
St Machar's Cathedral,57.169804225,-2.102425863,Wikidata: Q2380110,Aberdeen City,United Kingdom,
St Maria and Clemens Church,50.750669,7.114978,Wikidata: Q322935,Beuel,Germany,
St Mark's Campanile,45.434027777,12.339027777,Wikidata: Q754194,Venice,Italy,
St Mark's Clocktower,45.434722222,12.338888888,Wikidata: Q966625,Venice,Italy,
St Martin-in-the-Fields,51.508888888,-0.126944444,Wikidata: Q1335201,City of Westminster,United Kingdom,
St Pancras railway station,51.53,-0.125277777,Wikidata: Q720102,London Borough of Camden,United Kingdom,
St Patrick's Cathedral,-37.8101,144.976,Wikidata: Q1138670,City of Melbourne,Australia,
St Paul's Cathedral,51.513777777,-0.098305555,Wikidata: Q173882,London,United Kingdom,
St Peter's Seminary,55.970299811,-4.640545872,Wikidata: Q1454854,Argyll and Bute,United Kingdom,
St. Albans Post Office,38.3864,-81.8358,Wikidata: Q7586749,West Virginia,United States,
St. Albert,49.2482,6.992,Wikidata: Q2316901,Saarbrücken,Germany,
St. Andreas Church,50.941869,6.954911,Wikidata: Q564898,Altstadt-Nord,Germany,
St. Andrews Patrol Cabin,46.8361,-121.903,Wikidata: Q7586942,Pierce County,United States,
St. Anne's Church,52.246189468,21.014217961,Wikidata: Q1798910,Warsaw,Poland,
St. Ansgar's Cathedral,55.686111111,12.5925,Wikidata: Q1238512,Copenhagen Municipality,Denmark,
St. Augustinus,49.071411,10.888982,Wikidata: Q11080109,Ellingen,Germany,
St. Bartholomew parish church with parish house and cemetery,46.22945,8.71505,Wikidata: Q3669477,Maggia,Switzerland,
St. Basil's Cathedral,55.7525,37.623055555,Wikidata: Q129846,,,
St. Bonaventure Church,41.8960242,-98.0515033,Wikidata: Q7587320,Boone County,United States,
St. Clare's Church,40.547,-74.15,Wikidata: Q7587600,New York,United States,
St. Cyriakus,51.724356,11.136042,Wikidata: Q551367,Quedlinburg,Germany,
St. Fronleichnam,50.8880802,7.065965,Wikidata: Q62587785,Porz,Germany,
St. Gertrud,50.9519,6.95181,Wikidata: Q2318650,Neustadt-Nord,Germany,
St. Hallvard's Church and Monastery,59.9127,10.7691,Wikidata: Q2596230,Oslo Municipality,Norway,
St. Hans hög,55.435575,13.127604,Wikidata: Q18332810,Trelleborg Municipality,Sweden,
St. Hedwig's Cathedral,52.515833333,13.394722222,Wikidata: Q170123,Bezirk Mitte,Germany,
St. Ignatius,50.1189,8.67167,Wikidata: Q1657371,Frankfurt,Germany,
St. Jakob-Park,47.541389,7.62,Wikidata: Q190010,Basel,Switzerland,
St. Johannes Baptist,51.8491,8.27776,Wikidata: Q2319309,Rheda-Wiedenbrück,Germany,
St. Johannes der Täufer,50.9242188,6.9210348,Wikidata: Q62587808,Lindenthal,Germany,
St. John Cemetery,40.715,-73.8669,Wikidata: Q3945111,New York,United States,
St. John Useknovensky cemetery,50.008333333,36.25,Wikidata: Q4202546,Kharkiv,Ukraine,
St. John's AF & AM Lodge,32.34730267,-95.30380455,Wikidata: Q7588572,Smith County,United States,
St. John's Cemetery,52.26,8.05358,Wikidata: Q1698920,Osnabrück,Germany,
"St. John's Church, Philadelphia",39.962778,-75.1425,Wikidata: Q7588623,Philadelphia,United States,
St. Josef,51.0805,6.605,Wikidata: Q2319597,Grevenbroich,Germany,
St. Joseph,50.8863309,7.0019849,Wikidata: Q62587821,Rodenkirchen,Germany,
"St. Kolumba, Cologne",50.9383,6.95408,Wikidata: Q2319949,Altstadt-Nord,Germany,
St. Konrad und Elisabeth (Freiburg),48.0087,7.84958,Wikidata: Q2319969,Freiburg im Breisgau,Germany,
St. Laurent-Blangy Communal Cemetery,50.3055,2.8078,Wikidata: Q1855539,Saint-Laurent-Blangy,France,
St. Ludwig,49.3161,6.7515,Wikidata: Q1559426,Saarlouis,Germany,
St. Mariä Heimsuchung,50.714543,7.015516,Wikidata: Q41534329,Alfter,Germany,
St. Mariä Himmelfahrt,51.2307,6.81128,Wikidata: Q2320983,Düsseldorf,Germany,
St. Maria im Kapitol,50.934638888,6.958611111,Wikidata: Q598352,Altstadt-Süd,Germany,
St. Maria Königin (Düsseldorf),51.2843,6.7942,Wikidata: Q1523159,Lichtenbroich,Germany,
St. Martin-au-Laert Churchyard,50.754798,2.235605,Wikidata: Q1882794,Saint-Martin-lez-Tatinghem,France,
St. Marx Cemetery,48.182777777,16.401666666,Wikidata: Q695321,Vienna,Austria,
St. Mary's Royal Church,50.859166666,4.368888888,Wikidata: Q3586107,Schaerbeek,Belgium,
St. Matthäus,51.1387,6.89926,Wikidata: Q2321428,Garath,Germany,
St. Michael's Church,52.1529,9.9435,Wikidata: Q158324,Hildesheim,Germany,
"St. Michael's Church, Munich",48.13884,11.57038,Wikidata: Q265745,Altstadt-Lehel,Germany,
St. Mihiel American Cemetery and Memorial,48.956983333,5.853066666,Wikidata: Q647265,Thiaucourt-Regniéville,France,
St. Nechtan's Chapel and Burial Ground,55.62787,-6.2204459,Wikidata: Q1638496,Argyll and Bute,United Kingdom,
"St. Nicholas Church, Hamburg",53.5475,9.990555555,Wikidata: Q425622,Hamburg-Mitte,Germany,
St. Nicholas Greek Orthodox Church,40.71013,-74.01322,Wikidata: Q18157,New York,United States,
"St. Nicholas Roman Catholic Church, Kyiv",50.4269,30.5176,Wikidata: Q1907145,Kyiv,Ukraine,
St. Nicholas' Church,52.3963,13.0608,Wikidata: Q573737,Potsdam,Germany,
St. Olav's Cathedral,59.918156,10.744135,Wikidata: Q1552134,Oslo Municipality,Norway,
St. Oswald in Eberstein,46.8186,14.587,Wikidata: Q1120591,Eberstein,Austria,
St. Patrick's Cathedral,40.758611111,-73.976388888,Wikidata: Q624556,New York,United States,
St. Paul,51.8391,6.64234,Wikidata: Q2322323,Bocholt,Germany,
"St. Paul's Cathedral, Dunedin",-45.873611111,170.502538888,Wikidata: Q2972691,Dunedin City,New Zealand,
"St. Paul's Church, Frankfurt am Main",50.111111111,8.680833333,Wikidata: Q198106,Frankfurt-Innenstadt I,Germany,
St. Peter's and St. Paul's Cathedral,59.438055555,24.748611111,Wikidata: Q2322737,Tallinn City,Estonia,
St. Peter's Basilica,41.902222222,12.453416666,Wikidata: Q12512,Vatican City,Vatican City,
St. Peter's Cathedral,52.277569,8.044722,Wikidata: Q471633,Osnabrück,Germany,
St. Pierre Cathedral,46.201111111,6.148611111,Wikidata: Q666516,Geneva,Switzerland,
St. Pierre Cemetery,49.911544,2.327942,Wikidata: Q2735013,Amiens,France,
St. Pölten dome,48.205077777,15.627197222,Wikidata: Q94875,St. Pölten,Austria,
St. Rochus Cemetery,49.4475,11.060277777,Wikidata: Q1569173,Nuremberg,Germany,
St. Sava's Serbian Orthodox Seminary,42.3336,-87.9508,Wikidata: Q1562832,Lake County,United States,
St. Sebastian's Cemetery,47.804544444,13.046983333,Wikidata: Q1635749,Salzburg,Austria,
"St. Stephan, Brühl",50.830038,6.920179,Wikidata: Q106501077,Brühl,Germany,
St. Stephen's Basilica,47.500833,19.053889,Wikidata: Q338665,Budapest District V,Hungary,
St. Theresia,50.9640259,7.0229831,Wikidata: Q62588245,Buchheim,Germany,
"St. Thomas im Walde, Unterpremstätten",46.9669,15.4002,Wikidata: Q1495994,Premstätten,Austria,
St. Valery-sur-Somme Communal Cemetery,50.186889,1.630056,Wikidata: Q1852938,Saint-Valery-sur-Somme,France,
St. Vitus Cathedral,50.090833333,14.400555555,Wikidata: Q5949,Prague 1,Czech Republic,
St.-Jürgen-Friedhof,54.3137,10.1302,Wikidata: Q1029658,Kiel,Germany,
St.-Lukas-Kirche,53.0624,8.76461,Wikidata: Q1688428,Huchting,Germany,
St.-Pauli-Friedhof,51.0874,13.7413,Wikidata: Q1672233,Dresden,Germany,
Stade de France,48.924444444,2.36,Wikidata: Q13205,,,
Stade de la Beaujoire,47.2561,-1.52466,Wikidata: Q1053455,,,
Stade Vélodrome,43.269241,5.394907,Wikidata: Q202150,,,
Stadio Artemio Franchi,43.780822,11.282258,Wikidata: Q270474,,,
Stadio comunale,41.2707828,16.414481,Wikidata: Q3967921,Trani,Italy,
Stadio Friuli,46.081603,13.200136,Wikidata: Q640031,,,
Stadio Luigi Ferraris,44.416431,8.952428,Wikidata: Q271568,,,
Stadio Olimpico,41.933888888,12.454722222,Wikidata: Q159884,,,
Stadio Renato Dall'Ara,44.4922,11.3098,Wikidata: Q757182,,,
Stadio Renzo Barbera,38.152767,13.342275,Wikidata: Q28500,,,
Stadio San Nicola,41.084736,16.840072,Wikidata: Q328698,Bari,Italy,
Stadion Energa Gdańsk,54.39,18.640278,Wikidata: Q182385,,,
Stadion Poljud,43.519444,16.431667,Wikidata: Q841384,,,
Stadionweg 44,52.347443,4.880514,Wikidata: Q17292354,Amsterdam,Netherlands,
Stadium Municipal,43.583296,1.434055,Wikidata: Q738044,,,
Stadlauer Friedhof,48.220277777,16.456944444,Wikidata: Q1495770,Donaustadt,Austria,
Stadtcasino Basel,47.554444444,7.589444444,Wikidata: Q2327045,Basel,Switzerland,
Stadtfriedhof Ricklingen,52.3322,9.71083,Wikidata: Q985067,Ricklingen,Germany,
Städtischer Friedhof Pankow IX,52.608602777,13.42865,Wikidata: Q1457390,Pankow,Germany,
Stadttheater Klagenfurt,46.6269,14.3052,Wikidata: Q872374,Klagenfurt am Wörthersee,Austria,
Stadttor,51.215544444,6.761222222,Wikidata: Q881790,Düsseldorf,Germany,
"Stadtvilla an der Rauchstraße, Haus 1",52.5096,13.3465,Wikidata: Q119843323,Bezirk Mitte,Germany,
"Stadtvilla an der Rauchstraße, Haus 8",52.509,13.3477,Wikidata: Q119843207,Bezirk Mitte,Germany,
Stahl House,34.1004,-118.37,Wikidata: Q2328939,West Hollywood,United States,
Standard Bank Centre,-26.206594,28.039383,Wikidata: Q7598177,City of Johannesburg Metropolitan Municipality,South Africa,
Stanislav-Adziogol Lighthouse,46.492333333,32.232611111,Wikidata: Q380270,Oleksandrivka,Ukraine,
Staple churchyard,50.748913,2.455701,Wikidata: Q2711533,Staple,France,
Stata Center,42.36154,-71.09056,Wikidata: Q3312712,Cambridge,United States,
State Art Museum of Uzbekistan,41.302758333,69.277844444,Wikidata: Q4146885,Tashkent,Uzbekistan,
State Historical Museum,55.755,37.618055555,Wikidata: Q1140429,,,
State Kremlin Palace,55.751388888,37.615555555,Wikidata: Q2033910,Tverskoy District,Russia,
State Library Victoria,-37.8098,144.965,Wikidata: Q1200052,City of Melbourne,Australia,
State Office Building,43.071944,-89.381667,Wikidata: Q7603447,Madison,United States,
Statistisches Landesamt,51.2446,6.7783,Wikidata: Q128602753,District 1,Germany,
Statue of Liberty,40.689209166,-74.044425277,Wikidata: Q9202,New York City,United States,
Ste. Marie-Cappel Churchyard,50.78398,2.508527,Wikidata: Q2739022,Sainte-Marie-Cappel,France,
Steel Visitor Center,42.896918,-122.134306,Wikidata: Q36049254,Klamath County,United States,
Steenwerck Communal Cemetery,50.7008,2.7721,Wikidata: Q2029155,Steenwerck,France,
Stephanuskirche (Wolfsburg),52.3943,10.7542,Wikidata: Q11722211,Wolfsburg,Germany,
Stevens Building,29.424167,-98.489167,Wikidata: Q7615461,Texas,United States,
Stiefel Theatre for the Performing Arts,38.83847,-97.60876,Wikidata: Q23035365,Salina,United States,
Stillman F. Kelley House,42.38525,-71.123471,Wikidata: Q125494991,Cambridge,United States,
Stirzenhofstraße 21,50.694154,7.164264,Wikidata: Q17639699,Bad Godesberg,Germany,
Stockholm City Hall,59.3275,18.054722,Wikidata: Q648483,Stockholm,Sweden,
Stockholm Mosque,59.315789,18.074736,Wikidata: Q1193675,Stockholm,Sweden,
Stockholm Olympic Stadium,59.345278,18.078889,Wikidata: Q727078,,,
Stockholm Palace,59.326666666,18.071666666,Wikidata: Q750444,Stockholm,Sweden,
Stockholm Synagogue,59.331891666,18.074208333,Wikidata: Q619484,Stockholm,Sweden,
Stockton-Montmorency,39.7922,-75.6278,Wikidata: Q17305560,New Castle County,United States,
Stoclet Palace,50.83514,4.41625,Wikidata: Q239028,,,
Stolzenfels Castle,50.3032,7.59242,Wikidata: Q833779,Koblenz,Germany,
Storsjö 74:1,62.85081,12.79622,Wikidata: Q10508474,Berg Municipality,Sweden,
Strawberry Arena,59.3725,18,Wikidata: Q1138684,,,
Strazeele cemetery,50.728695,2.624649,Wikidata: Q2237146,Strazeele,France,
Strong's Block,42.326389,-71.231389,Wikidata: Q7624432,Newton,United States,
Strossova vila,50.7723971,15.0770013,Wikidata: Q33310707,Kristiánov,Czech Republic,
Strusshamn Church,60.4012,5.1893,Wikidata: Q18555513,Askøy Municipality,Norway,
Stubbs–Ballah House,42.036541,-97.420864,Wikidata: Q30624093,Norfolk,United States,
Students' Hall,40.808889,-73.964444,Wikidata: Q7627931,New York,United States,
Studio house,52.36076,4.62818,Wikidata: Q17201978,Heemstede,Netherlands,
Stummhaus,51.2203,6.77671,Wikidata: Q1400490,Düsseldorf,Germany,
Stureparken,59.3425,18.077222222,Wikidata: Q1698824,Stockholm,Sweden,
Stuttgart Forest Cemetery,48.752,9.145138888,Wikidata: Q2541525,Stuttgart,Germany,
Subotica Synagogue,46.101666666,19.661388888,Wikidata: Q1039834,Subotica,Serbia,
Suburban Station,39.95425,-75.167,Wikidata: Q1531481,Philadelphia,United States,
Sūdėnų pilkapynas,56.09163611,21.21869167,Wikidata: Q12674451,Kretinga Municipality,Lithuania,
Südfriedhof,54.3121,10.1151,Wikidata: Q1288001,Kiel,Germany,
Südwestfriedhof,48.1614,16.2989,Wikidata: Q1444316,Hetzendorf,Austria,
Südwestkirchhof Stahnsdorf,52.3889,13.1806,Wikidata: Q882748,Stahnsdorf,Germany,
Sugarloaf Mound,38.5749,-90.231,Wikidata: Q14688110,St. Louis,United States,
Šukių piliakalnis,54.599,22.92777778,Wikidata: Q12680155,Šeimena Eldership,Lithuania,
Süleymaniye Mosque,41.016111111,28.963888888,Wikidata: Q178643,,,
Sultan Ahmed Mosque,41.0053851,28.9768247,Wikidata: Q80541,,,
Sultan Bayezid II Complex,41.685861111,26.544105555,Wikidata: Q6055477,Edirne Province,Turkey,
Sumida Hokusai Museum,35.6951,139.7981,Wikidata: Q17220332,Tokyo,Japan,
Summit Trench Cemetery,50.212911,2.863445,Wikidata: Q2757915,Croisilles,France,
Sun Yard,47.407274,9.464803,Wikidata: Q19362455,Trogen,Switzerland,
"Sunken Road Cemetery,  Villers-Plouich",50.081056,3.125184,Wikidata: Q1917118,Villers-Plouich,France,
Sunne 1:1,63.130994,14.431044,Wikidata: Q29381530,Östersund Municipality,Sweden,
Sunrise Comfort Station,46.914746,-121.642703,Wikidata: Q7641074,Pierce County,United States,
Sunrise Visitor Center,46.914452,-121.643494,Wikidata: Q36978405,Pierce County,United States,
Sunshine 60,35.729583333,139.717777777,Wikidata: Q602942,Tokyo,Japan,
"Superintendent's Residence, Great Sand Dunes National Monument",37.724985,-105.518936,Wikidata: Q7643459,Alamosa County,United States,
Superjednostka,50.26351389,19.02052778,Wikidata: Q2367681,Katowice,Poland,
Supremo Tribunal Federal building,-15.802169,-47.861852,Wikidata: Q10270275,Brasília,Brazil,
Surcamps Churchyard,50.069903,2.074377,Wikidata: Q2186469,Surcamps,France,
Suresnes American Cemetery and Memorial,48.871811111,2.218013888,Wikidata: Q2972491,Suresnes,France,
Svartsjö Palace,59.36277778,17.72777778,Wikidata: Q337996,Ekerö Municipality,Sweden,
Sverigehuset,59.3325,18.07,Wikidata: Q9209565,Stockholm,Sweden,
Swissôtel The Stamford,1.2932771,103.8535076,Wikidata: Q1343055,Downtown Core,Singapore,
Sylvan Lake Lodge,43.844838505,-103.5664821,Wikidata: Q106714926,Custer County,United States,
Symphony Center,41.878888888,-87.625,Wikidata: Q2154167,Chicago,United States,
Synagoge,48.8594,16.0472,Wikidata: Q12057953,Znojmo,Czech Republic,
Synagogue Beuel,50.7387,7.12112,Wikidata: Q1456935,Beuel,Germany,
Synagogue in Čáslav,49.9127,15.3928,Wikidata: Q12057934,Nové Město,Czech Republic,
Synagogue in Opava,49.9392,17.8969,Wikidata: Q3505015,Opava,Czech Republic,
Synagogue in Zrenjanin,45.378611111,20.393611111,Wikidata: Q89267485,Zrenjanin,Serbia,
Synagogue of Besançon,47.24133333,6.02144444,Wikidata: Q1141086,Besançon,France,
Synagogue of Châlons-en-Champagne,48.95477778,4.36194444,Wikidata: Q2375419,Châlons-en-Champagne,France,
Synagogue of Turin,45.060267,7.6821416,Wikidata: Q3508094,Turin,Italy,
Szałas,50.060000135,18.723208458,Wikidata: Q135684634,Żory,Poland,
Széchenyi thermal bath,47.518333333,19.082222222,Wikidata: Q194783,Zugló,Hungary,
Szeged Synagogue,46.253901,20.142649,Wikidata: Q834288,Szeged,Hungary,
T-Building,62.237613,25.735219,Wikidata: Q28464278,Jyväskylä,Finland,
T&P Station,32.74604606,-97.32965996,Wikidata: Q7667715,Fort Worth,United States,
Ta' Tabibu farmhouse,35.948352777,14.391802777,Wikidata: Q20949733,St. Paul's Bay,Malta,
Taber Hill,43.759,-79.235,Wikidata: Q180100,Toronto,Canada,
Tábornická škola v Lipnici nad Sázavou,49.617878611,15.392406888,Wikidata: Q131913253,Lipnice nad Sázavou,Czech Republic,
Taganrog Old Cemetery,47.207018,38.9018383,Wikidata: Q2972494,Taganrog,Russia,
Taichung Condominium Tower,24.155,120.645555555,Wikidata: Q85878966,Taichung,Taiwan,
Taichung Metropolitan Opera House,24.1628,120.641,Wikidata: Q555338,Taichung,Taiwan,
Taipei 101,25.033611111,121.564722222,Wikidata: Q83101,Xicun Village,Taiwan,
Taj Mahal,27.175,78.041944444,Wikidata: Q9141,Agra,India,
Takamatsuzuka Tomb,34.46222222,135.80647222,Wikidata: Q1039675,Nara,Japan,
Tallberget,59.89141306,10.82458,Wikidata: Q12005124,Oslo Municipality,Norway,
Tama Cemetery,35.685277777,139.509722222,Wikidata: Q982473,Tokyo,Japan,
Taman Prasasti Museum,-6.172192095,106.81897352,Wikidata: Q4264481,Jakarta,Indonesia,
Tampere Cathedral,61.50250611,23.76979899,Wikidata: Q1236638,Tampere,Finland,
Tank Cemetery,50.256842,2.879779,Wikidata: Q3515209,Guémappe,France,
Taplow burial,51.5311,-0.6951,Wikidata: Q7684716,Taplow,United Kingdom,
Tarczyński Arena Wrocław,51.141111111,16.943611111,Wikidata: Q188706,,,
Tauride Palace,59.947777777,30.375833333,Wikidata: Q676093,Saint Petersburg,Russia,
Taylor County Courthouse,32.556944,-84.2375,Wikidata: Q7689923,Butler,United States,
Taylor School,41.534722,-90.586111,Wikidata: Q7690124,Iowa,United States,
Taza Pir Mosque,40.372097,49.828671,Wikidata: Q2096562,Yasamal raion,Azerbaijan,
Tbilisi Opera and Ballet Theatre,41.701078,44.796285,Wikidata: Q2596393,Tbilisi,Georgia,
TC Energy Center,29.7605,-95.3666,Wikidata: Q806669,Houston,United States,
Team Disney Orlando,28.36539,-81.52133,Wikidata: Q3516699,Central Florida Tourism Oversight District,United States,
Teampull na Trionaid,57.520315,-7.3200627,Wikidata: Q2684244,Outer Hebrides,United Kingdom,
Teaticket School,41.569167,-70.605556,Wikidata: Q7691874,Falmouth,United States,
Teatro Arriaga,43.259484881,-2.92491985,Wikidata: Q3750900,Bilbao,Spain,
Teatro di San Carlo,40.837388229,14.2496871,Wikidata: Q628491,,,
Teatro Falla,36.53369878,-6.302386253,Wikidata: Q5594070,Cádiz,Spain,
Teatro Farnese,44.804918055,10.326008055,Wikidata: Q1507811,Parma,Italy,
Teatro La Fenice,45.4337,12.3339,Wikidata: Q223942,,,
Teatro Lirico di Cagliari,39.2258,9.12329,Wikidata: Q1453465,Cagliari,Italy,
Teatro Maria Della Costa,-23.5547,-46.64933,Wikidata: Q7691928,São Paulo,Brazil,
Teatro Massimo Bellini,37.504167,15.09,Wikidata: Q1429352,Catania,Italy,
Tehran Museum of Contemporary Art,35.711388888,51.390555555,Wikidata: Q1756399,District 6,Iran,
Tel Aviv City Hall,32.0819,34.7806,Wikidata: Q2904108,Tel Aviv,Israel,
Telecentre building,41.7145,44.7789,Wikidata: Q136334577,Saburtalo District,Georgia,
Telecommunications office,52.4958,13.357808,Wikidata: Q61768673,Tempelhof-Schöneberg,Germany,
Telekom Tower,3.115833,101.666111,Wikidata: Q118214,Kuala Lumpur,Malaysia,
Telephone exchange Dejvice,50.098927777,14.388625,Wikidata: Q28426153,Prague 6,Czech Republic,
Teleport Tower,52.385555555,4.843333333,Wikidata: Q106780947,Amsterdam,Netherlands,
Telfair County Courthouse and Jail,32.06694444,-82.89666667,Wikidata: Q17049968,McRae-Helena,United States,
Tempietto,41.88875,12.46641667,Wikidata: Q12960184,Rome,Italy,
Tempio Malatestiano,44.059952,12.570276,Wikidata: Q1268593,Rimini,Italy,
Temple of Athena Nike,37.9715,23.7249,Wikidata: Q384813,,,
Temple of Ephesian Artemis,37.949722,27.363889,Wikidata: Q43018,,,
Temple of Israel,34.2355,-77.9444,Wikidata: Q7698730,North Carolina,United States,
Tenney Building,43.075,-89.381666666,Wikidata: Q54952980,Madison,United States,
Ter Navolging (Tiel),51.8904,5.42688,Wikidata: Q1858776,Tiel,Netherlands,
"Ter Navolging Cemetery, Scheveningen",52.102522,4.277337,Wikidata: Q2874803,The Hague,Netherlands,
Terdeghem churchyard,50.798664,2.539252,Wikidata: Q2188392,Terdeghem,France,
Terminal Annex,34.06,-118.235278,Wikidata: Q2466390,Los Angeles,United States,
Terminal Commerce Building,39.959722,-75.155,Wikidata: Q7702652,Pennsylvania,United States,
Terminal Rodoviário de Londrina,-23.30935833,-51.15018333,Wikidata: Q6586991,Londrina,Brazil,
Terminal Sales Building,45.520544,-122.683486,Wikidata: Q7702687,Portland,United States,
Terrain with 9 tumuli,52.26891,6.48677,Wikidata: Q17454169,Hof van Twente,Netherlands,
terrain with four tumuli and an urn field Aan de Watermolen,51.24281,5.91367,Wikidata: Q17455799,Leudal,Netherlands,
Terrain with tumulus #45952,51.98641,5.73581,Wikidata: Q17454346,Renkum,Netherlands,
Terrain with tumulus #45956,51.99839,5.7363,Wikidata: Q17454351,Renkum,Netherlands,
Terrain with two tumuli,51.98413,5.73617,Wikidata: Q17454345,Renkum,Netherlands,
Terre Haute Post Office and Federal Building,39.467222,-87.4075,Wikidata: Q7703355,Indiana,United States,
Terrein met drie grafheuvels,53.05134,6.65069,Wikidata: Q17452818,Aa en Hunze,Netherlands,
Terrein met een grafheuvel,53.076825,6.692119,Wikidata: Q17454814,Tynaarlo,Netherlands,
Terrein met een grafheuvel,53.13865,6.58351,Wikidata: Q17453656,Tynaarlo,Netherlands,
Terrein met grafheuvel,53.06071,6.69662,Wikidata: Q17452790,Aa en Hunze,Netherlands,
Terrein met grafheuvel,52.30437,5.67691,Wikidata: Q17454845,Harderwijk,Netherlands,
Terrein met twee grafheuvels,53.10144,6.65469,Wikidata: Q17453661,Tynaarlo,Netherlands,
Terrein met twee grafheuvels,53.1079,6.65051,Wikidata: Q17453923,Tynaarlo,Netherlands,
Terrein met zes en vermoedelijk acht grafheuvels,53.02911,6.71087,Wikidata: Q17452802,Aa en Hunze,Netherlands,
Terrein waarin 2 grafheuvels,51.38996,5.36266,Wikidata: Q17454661,Eersel,Netherlands,
Terrein waarin 2 grafheuvels,52.3049,5.81968,Wikidata: Q17453806,Nunspeet,Netherlands,
Terrein waarin 2 grafheuvels,52.22825,5.87179,Wikidata: Q17453304,Apeldoorn,Netherlands,
Terrein waarin 23 grafheuvels,52.25264,5.68897,Wikidata: Q17453797,Ermelo,Netherlands,
Terrein waarin 3 grafheuvels,52.25498,5.66816,Wikidata: Q17454242,Putten,Netherlands,
Terrein waarin 3 grafheuvels,52.21559,5.8726,Wikidata: Q17453309,Apeldoorn,Netherlands,
Terrein waarin 4 grafheuvels,52.40962,6.04656,Wikidata: Q17453705,Heerde,Netherlands,
Terrein waarin 5 grafheuvels,52.4166,6.84886,Wikidata: Q17454604,Tubbergen,Netherlands,
Terrein waarin 5 grafheuvels en een urnenveld,52.2213,5.88231,Wikidata: Q17453306,Apeldoorn,Netherlands,
Terrein waarin 6 grafheuvels,52.18248,5.22892,Wikidata: Q17453411,Baarn,Netherlands,
Terrein waarin 8 grafheuvels,52.24601,5.62725,Wikidata: Q17454243,Putten,Netherlands,
Terrein waarin drie grafheuvels,51.72865,5.56322,Wikidata: Q17453702,Bernheze,Netherlands,
Terrein waarin drie grafheuvels,52.20951,5.6497,Wikidata: Q17453164,Barneveld,Netherlands,
Terrein waarin drie grafheuvels,51.98803,5.7753,Wikidata: Q17454354,Renkum,Netherlands,
Terrein waarin drie grafheuvels,52.36162,5.92682,Wikidata: Q17453585,Epe,Netherlands,
Terrein waarin een galgenberg (zeer waarschijnlijk oorspronkelijk grafheuvel),52.1419,5.3706,Wikidata: Q17453744,Amersfoort,Netherlands,
Terrein waarin elf grafheuvels,52.0098,5.85387,Wikidata: Q17453186,Arnhem,Netherlands,
Terrein waarin grafheuvel # 45115,52.21586,5.665,Wikidata: Q17453176,Barneveld,Netherlands,
Terrein waarin grafheuvel #45168,52.2213,5.88231,Wikidata: Q17453307,Apeldoorn,Netherlands,
Terrein waarin grafheuvel #45169,52.22002,5.88477,Wikidata: Q17453308,Apeldoorn,Netherlands,
Terrein waarin grafheuvel #45171,52.21975,5.89568,Wikidata: Q17453310,Apeldoorn,Netherlands,
Terrein waarin grafheuvel #45193,52.11036,6.00027,Wikidata: Q17453344,Apeldoorn,Netherlands,
Terrein waarin grafheuvel #45336,52.3646,5.94839,Wikidata: Q17453572,Epe,Netherlands,
Terrein waarin grafheuvel #45352,52.3683,5.99359,Wikidata: Q17453591,Epe,Netherlands,
Terrein waarin grafheuvel #45742,52.23766,6.99765,Wikidata: Q17454130,Losser,Netherlands,
Terrein waarin grafheuvel #45833,52.27384,5.60228,Wikidata: Q17454225,Putten,Netherlands,
Terrein waarin grafheuvel #45852,52.24914,5.67655,Wikidata: Q17454246,Putten,Netherlands,
Terrein waarin grafheuvel #46071,52.41521,6.85134,Wikidata: Q17454608,Tubbergen,Netherlands,
Terrein waarin grafheuvel en urnenveld,51.49325,5.01688,Wikidata: Q17453691,Goirle,Netherlands,
Terrein waarin grafheuvels en urnenveld,51.38397,5.37647,Wikidata: Q17453654,Eersel,Netherlands,
Terrein waarin resten van een grafheuvel,52.1148,6.64599,Wikidata: Q17603389,Berkelland,Netherlands,
Terrein waarin twee grafheuvels,52.34064,5.78588,Wikidata: Q17454207,Nunspeet,Netherlands,
Terrein waarin twee grafheuvels,52.36476,5.96967,Wikidata: Q17453575,Epe,Netherlands,
Terrein waarin twee grafheuvels,52.27034,5.74804,Wikidata: Q17454206,Ermelo,Netherlands,
Terrein waarin twee grafheuvels,52.10717,5.65475,Wikidata: Q17453663,Ede,Netherlands,
Terrein waarin twee grafheuvels,52.14796,5.3106,Wikidata: Q17454534,Soest,Netherlands,
Terrein waarin twee grafheuvels en urnenveld,52.45867,6.84318,Wikidata: Q17454623,Tubbergen,Netherlands,
Terrein waarin vier grafheuvels,51.70696,5.59449,Wikidata: Q17454219,Bernheze,Netherlands,
Terrein waarin vier grafheuvels,52.22734,5.69812,Wikidata: Q17453169,Barneveld,Netherlands,
Terrein waarin vier grafheuvels waarvan één gedeeltelijk,52.36278,5.96293,Wikidata: Q17453574,Epe,Netherlands,
Terrein waarin vijf grafheuvels,52.22207,5.68548,Wikidata: Q17453168,Barneveld,Netherlands,
Terrein waarin zes grafheuvels,52.22187,5.714,Wikidata: Q17453170,Barneveld,Netherlands,
Terrein waarin zes grafheuvels,51.504716,5.024068,Wikidata: Q17453690,Goirle,Netherlands,
Terrein waarin zes grafheuvels,52.825,6.10281,Wikidata: Q17454587,Steenwijkerland,Netherlands,
Terrein waarin zeven grafheuvels,51.99286,5.81294,Wikidata: Q17454359,Renkum,Netherlands,
Terrein waarin zeven grafheuvels,52.37329,5.99416,Wikidata: Q17453571,Epe,Netherlands,
Teruel Cathedral,40.3439,-1.10722,Wikidata: Q513893,Teruel,Spain,
Teshima Art Museum,34.4897,134.091,Wikidata: Q2379884,Takamatsu,Japan,
Texas State Cemetery,30.26524999,-97.72644399,Wikidata: Q2342386,Austin,United States,
Thaba Bosiu,-29.353611111,27.670833333,Wikidata: Q2408243,Lesotho,Lesotho,
The Alyscamps,43.671388888,4.636944444,Wikidata: Q450348,Arles,France,
The Bass Museum of Art,25.797561,-80.130107,Wikidata: Q4867942,Miami Beach,United States,
The Boardman,42.692222,-73.105556,Wikidata: Q7718926,Massachusetts,United States,
The building of the ninth Dentistry (Minsk),53.900774,27.582416,Wikidata: Q106155417,Zacharava-Pulichava,Belarus,
The Cairo,38.9113,-77.0375,Wikidata: Q7720948,"Washington, D.C.",United States,
The Charles Hotel,48.1427,11.5625,Wikidata: Q2410189,Maxvorstadt,Germany,
The Crystal Palace,51.422294444,-0.075788888,Wikidata: Q202902,,,
The Dakota,40.7767,-73.9764,Wikidata: Q829806,New York,United States,
The Evergreens Cemetery,40.683889,-73.901194,Wikidata: Q5058720,New York,United States,
The George Washington Hotel,39.1857,-78.163,Wikidata: Q14713299,Virginia,United States,
The Glasshouse,54.9677,-1.602,Wikidata: Q2414046,Newcastle upon Tyne,United Kingdom,
The Hacienda,36.0105,-121.243,Wikidata: Q7738608,Monterey County,United States,
The King's Grave,55.6825,14.233888888,Wikidata: Q1540741,Simrishamn Municipality,Sweden,
The London Mosque,51.4511,-0.2075,Wikidata: Q1399178,London Borough of Wandsworth,United Kingdom,
The Lowry,53.4707,-2.2964,Wikidata: Q3521692,Salford,United Kingdom,
The Majestic,40.776111111,-73.976388888,Wikidata: Q1335888,New York,United States,
"The Museum of Modern Art, Gunma",36.298722,139.078639,Wikidata: Q11609688,Takasaki,Japan,
The News Building,51.5054,-0.0876,Wikidata: Q18787781,London Borough of Southwark,United Kingdom,
The O2 Arena,51.502944444,0.003194444,Wikidata: Q5364202,,,
The Palazzo,36.1244,-115.168,Wikidata: Q1514587,Paradise,United States,
The Pentagon,38.870833333,-77.055,Wikidata: Q11208,Arlington County,United States,
The Rock,52.337557,4.87002,Wikidata: Q18640123,Amsterdam,Netherlands,
The Sackler Wing,40.780911,-73.963361,Wikidata: Q116981455,New York City,United States,
The Sahara,25.94630978,-80.120528196,Wikidata: Q136396730,Sunny Isles Beach,United States,
The San Marino,25.814220799,-80.122591815,Wikidata: Q136439958,Miami Beach,United States,
The Socialists' Memorial,52.5149213,13.5112267,Wikidata: Q1497554,Lichtenberg,Germany,
The Spectrum Building (formerly The Renault Distribution Centre),51.5671,-1.82433,Wikidata: Q17549130,West Swindon,United Kingdom,
The Tides,25.783084086,-80.130391311,Wikidata: Q7769217,Miami Beach,United States,
The Ware Center of Millersville University,40.038750804,-76.308270795,Wikidata: Q30634451,Lancaster,United States,
The Woodlands,39.946944,-75.203056,Wikidata: Q7775731,Philadelphia,United States,
Theater St. Gallen,47.426944444,9.380555555,Wikidata: Q2415961,St. Gallen,Switzerland,
Théâtre national de la Colline,48.8644,2.39739,Wikidata: Q108608140,Paris,France,
Theban Necropolis,25.720833333,32.61,Wikidata: Q29223,New Valley Governorate,Egypt,
Theme Building,33.9441,-118.402,Wikidata: Q3523620,California,United States,
Thiant Communal Cemetery,50.303777,3.458078,Wikidata: Q2177460,Thiant,France,
Thiel Gallery,59.32222222,18.14861111,Wikidata: Q252259,Stockholm,Sweden,
Thiennes Churchyard,50.650665,2.465158,Wikidata: Q2224766,Thiennes,France,
Thilloy Road Cemetery,50.079043,2.859722,Wikidata: Q2098703,Beaulencourt,France,
Thivencelle Churchyard,50.439595,3.634564,Wikidata: Q1887118,Thivencelle,France,
Thomas A. Hendricks Library,38.7125,-85.45777778,Wikidata: Q24062120,Hanover,United States,
Thomas C. Miller Public School,39.4889,-80.1416,Wikidata: Q16901616,Fairmont,United States,
Thomas Durham School,39.944722,-75.169444,Wikidata: Q7789123,Pennsylvania,United States,
Thomas Fisher Rare Book Library,43.664055,-79.398933,Wikidata: Q7789602,Toronto,Canada,
Thomas Jefferson High School,37.5719,-77.4864,Wikidata: Q7791264,Richmond,United States,
Thomas M. Baldwin House,44.300833,-120.847722,Wikidata: Q7792028,Prineville,United States,
Thomas Mann House,34.059009,-118.499303,Wikidata: Q27899343,Pacific Palisades,United States,
Thomas V. Porter House,30.331111,-81.661111,Wikidata: Q7794648,Florida,United States,
Thomass-Eck,48.1374,11.5747,Wikidata: Q1366417,Munich,Germany,
Thracian tomb Ostrusha,42.6901,25.3512,Wikidata: Q7797104,Shipka,Bulgaria,
Threefoot Building,32.3644,-88.7006,Wikidata: Q14693395,Meridian,United States,
Thunder Lake Patrol Cabin,40.222394,-105.644841,Wikidata: Q7798987,Boulder County,United States,
Thurston Hall (Cornell University),42.443985352,-76.4836634,Wikidata: Q114896051,Ithaca,United States,
Thyras Mound,55.757141401,9.420072823,Wikidata: Q23734746,Vejle Municipality,Denmark,
Tiberias Football Stadium,32.7679,35.5141,Wikidata: Q18918013,Tiberias,Israel,
Tigris Lane Cemetery,50.255877,2.845187,Wikidata: Q3528370,Wancourt,France,
Tikhvin Cemetery,59.922777777,30.386111111,Wikidata: Q2272835,Saint Petersburg,Russia,
Timber Creek Campground Comfort Station No. 245,40.379093,-105.852558,Wikidata: Q89033382,Grand County,United States,
Timber Creek Campground Comfort Station No. 246,40.379046,-105.851788,Wikidata: Q89033425,Grand County,United States,
Timber Creek Campground Comfort Station No. 247,40.37772,-105.852657,Wikidata: Q89033444,Grand County,United States,
Timber Creek Road Camp Barn,40.264585,-105.836477,Wikidata: Q7804644,Grand County,United States,
Timberline Cabin,40.441667,-105.743611,Wikidata: Q7804708,Grand County,United States,
Timberline Lodge,45.331223,-121.711253,Wikidata: Q1574090,Clackamas County,United States,
TIME'S I + II,35.0087,135.7703,Wikidata: Q131389013,Kyoto,Japan,
Tiradentes Palace,-22.90387009,-43.173877,Wikidata: Q2048490,Centro,Brazil,
Tivoli Concert Hall,55.672638888,12.568666666,Wikidata: Q115380780,Copenhagen Municipality,Denmark,
Toki Messe,37.9262,139.06,Wikidata: Q705614,Niigata,Japan,
Tokyo Bunka Kaikan,35.71416667,139.77527778,Wikidata: Q3892342,Tokyo,Japan,
Tokyo Dome Hotel,35.703694,139.7535,Wikidata: Q3530524,Tokyo,Japan,
Tokyo Fashion Town Building,35.630887805,139.790579,Wikidata: Q67179812,Tokyo,Japan,
Tokyo Station,35.680833333,139.766944444,Wikidata: Q283196,,,
Toledo Cathedral,39.857083333,-4.023888888,Wikidata: Q1123180,,,
Toledo Museum of Art,41.658333333,-83.559444444,Wikidata: Q1743116,Toledo,United States,
Tolentini,45.4374,12.3221,Wikidata: Q2219891,Venice,Italy,
Tomb in Očkov,48.660277777,17.758055555,Wikidata: Q12771877,Očkov,Slovakia,
Tomb of King Kongmin,37.9817,126.473,Wikidata: Q709266,Kaesong,North Korea,
Tomb of King Wanggon,37.9847,126.506,Wikidata: Q7818624,Kaepung-guyok,North Korea,
Tomb of Puhaddin,32.39666667,119.44861111,Wikidata: Q3391115,Yangzhou,China,
Tomb of the Jibei King,36.4452,116.63931,Wikidata: Q1574075,Changqing District,China,
Tombe de l'Empereur,50.63816,5.08519,Wikidata: Q1899395,Hannut,Belgium,
Tombe of Yve,50.60592,5.14188,Wikidata: Q2161403,Braives,Belgium,
Tombeau de Théodoric,48.959213,4.624165,Wikidata: Q18785803,Poix,France,
Tombs of the Kings,34.77611111,32.40472222,Wikidata: Q1796353,Paphos Municipality,Cyprus,
Tombs of the Sanhedrin,31.7994,35.2189,Wikidata: Q3531182,Jerusalem,Israel,
Tooting Bec,51.43584083,-0.15968594,Wikidata: Q1424421,Wandsworth,United Kingdom,
Tooting Broadway tube station,51.42759898,-0.16800078,Wikidata: Q685100,Wandsworth,United Kingdom,
Tophet of Carthage,36.8415,10.3231,Wikidata: Q3108571,Carthage,Tunisia,
Topkapı Palace,41.013,28.984,Wikidata: Q170495,,,
Torre Corzana,41.3852856,2.0511033,Wikidata: Q80951408,Sant Feliu de Llobregat,Spain,
Torre de Collserola,41.417222222,2.114166666,Wikidata: Q1147977,Sarrià-Sant Gervasi,Spain,
Torre de la Fàbrica Gutterman,41.536702777,2.418422222,Wikidata: Q28711535,Argentona,Spain,
Torre de la Rosaleda,42.5591,-6.60965,Wikidata: Q3532455,Ponferrada,Spain,
Torre de les Aigües,41.5625,2.01666,Wikidata: Q18696977,Terrassa,Spain,
"Torre de Valencia, Madrid",40.421352777,-3.679494444,Wikidata: Q11704647,Ibiza,Spain,
Torre Europa,40.451666666,-3.691666666,Wikidata: Q2421828,Cuatro Caminos,Spain,
Torre Glòries,41.403489,2.189519,Wikidata: Q336246,El Parc i la Llacuna del Poblenou,Spain,
Torre Interbank,-12.089466954,-77.022767071,Wikidata: Q5818145,Lima,Peru,
Torre Moeve,40.475555555,-3.687777777,Wikidata: Q519568,Madrid,Spain,
Torre Picasso,40.450277777,-3.6925,Wikidata: Q1364394,Cuatro Caminos,Spain,
Torre Puig,41.357292175,2.122281074,Wikidata: Q16641572,L'Hospitalet de Llobregat,Spain,
Torre Realia BCN,41.35555,2.12511,Wikidata: Q1189521,L'Hospitalet de Llobregat,Spain,
Torre Velasca,45.46,9.190555555,Wikidata: Q1156274,Milan,Italy,
Torres Atrio,4.615565,-74.072263,Wikidata: Q19207166,Bogotá,Colombia,
Tottenham Hotspur Stadium,51.604444444,-0.066388888,Wikidata: Q55074091,,,
Toughsheet Community Stadium,53.580555555,-2.535555555,Wikidata: Q242772,,,
Toulouse-Blagnac,43.635,1.367780555,Wikidata: Q372615,,,
Tour bleue,50.412008333,4.453641666,Wikidata: Q3533027,沙勒罗瓦,Belgium,
Tour CIBC,45.4985,-73.5709,Wikidata: Q3533035,Ville-Marie,Canada,
Tour de la Bourse,45.5006,-73.5618,Wikidata: Q1702873,Montreal,Canada,
Tour de Lille,50.6386,3.07639,Wikidata: Q3533359,Lille,France,
Tour Granite,48.8918,2.22959,Wikidata: Q666483,Nanterre,France,
Tour Hekla,48.8889,2.23528,Wikidata: Q17640070,Puteaux,France,
Tour Horizons,48.8279,2.23384,Wikidata: Q2371224,Boulogne-Billancourt,France,
Tour La Marseillaise,43.313139,5.366889,Wikidata: Q58208336,Marseille,France,
Tour Telus,45.5024,-73.5676,Wikidata: Q3533198,Ville-Marie,Canada,
Tourcoing (Pont-Neuville) Communal Cemetery,50.739956,3.175808,Wikidata: Q2654997,Tourcoing,France,
Towada Art Center,40.614039,141.20941,Wikidata: Q11404944,Towada,Japan,
Tower 25,35.1686,33.3605,Wikidata: Q7829624,Nicosia,Cyprus,
Tower of Siza,50.846472,5.701806,Wikidata: Q115412393,Maastricht,Netherlands,
Town hall of Béthune,50.5318,2.63772,Wikidata: Q3146138,Béthune,France,
"Town Hall, Vilnius",54.678,25.287,Wikidata: Q1257109,Vilnius,Lithuania,
Toyota City Museum,35.081583333,137.151666666,Wikidata: Q125906525,Nagoya,Japan,
Trade and Exhibition Complex,59.957613,30.320104,Wikidata: Q104887772,Saint Petersburg,Russia,
Trade Fairs and Congress Center of Málaga,36.704769444,-4.459441666,Wikidata: Q6057990,Málaga,Spain,
Trafalgar Cemetery,36.134713888,-5.352194444,Wikidata: Q1009226,Gibraltar,United Kingdom,
Tramway Gas Station,33.8584,-116.558,Wikidata: Q7833251,Palm Springs,United States,
Transamerica Pyramid,37.795135,-122.402748,Wikidata: Q216865,San Francisco,United States,
Transfiguration Cathedral,59.943044,30.352547,Wikidata: Q644102,Saint Petersburg,Russia,
Tranzitní telefonní ústředna,50.218554,15.828075,Wikidata: Q52518232,Věkoše,Czech Republic,
Tree Point Light,54.8028,-130.934,Wikidata: Q3662067,Prince of Wales–Hyder Census Area,United States,
Trellick Tower,51.523777777,-0.2055,Wikidata: Q1571416,Royal Borough of Kensington and Chelsea,United Kingdom,
Trento Cathedral,46.0669,11.1215,Wikidata: Q621060,Trento,Italy,
Trescault Communal Cemetery,50.0916,3.0949,Wikidata: Q3947139,Trescault,France,
Trespiano Cemetery,43.82906944,11.28665833,Wikidata: Q3676951,Florence,Italy,
Tretyakov Gallery,55.741389,37.620864,Wikidata: Q183334,,,
Triangle Building,-23.548861111,-46.634666666,Wikidata: Q4462747,São Paulo,Brazil,
Trier Main Cemetery,49.7686,6.65383,Wikidata: Q1589467,Trier,Germany,
Trindade metro station,41.1524,-8.60948,Wikidata: Q162481,"Cedofeita, Santo Ildefonso, Sé, Miragaia, São Nicolau e Vitória",Portugal,
Trinità dei Monti,41.90625,12.48358,Wikidata: Q1229008,Rome,Italy,
Trinity Cathedral,59.9165,30.306,Wikidata: Q762242,Saint Petersburg,Russia,
Trinity Church,40.70801,-74.01221,Wikidata: Q866896,New York,United States,
Trinity Court,51.5256,-0.116,Wikidata: Q56277035,London Borough of Camden,United Kingdom,
Tripoli Shrine Temple,43.039167,-87.951389,Wikidata: Q1254048,Milwaukee,United States,
Troyekurovskoye cemetery,55.700205555,37.40895,Wikidata: Q1457437,Moscow,Russia,
Trump International Hotel and Tower,41.8891,-87.626672222,Wikidata: Q546221,Chicago,United States,
Trump Tower,40.7625,-73.974166666,Wikidata: Q868772,,,
Trumpeldor cemetery,32.075631,34.770033,Wikidata: Q2597530,Tel Aviv,Israel,
Truro Cathedral,50.264167,-5.051111,Wikidata: Q637460,Truro,United Kingdom,
Tsaritsyno Park + palace,55.6168339,37.682817,Wikidata: Q147994,Orekhovo-Borisovo Severnoye District,Russia,
Tsentrosoyuz building,55.767611111,37.641125,Wikidata: Q2454624,Krasnoselsky District,Russia,
Tuchenn Pol,47.718531,-3.478283,Wikidata: Q28040011,Ploemeur,France,
Tughluq Timur Mausoleum,44.24019444,80.53316667,Wikidata: Q1455687,Ili Kazakh Autonomous Prefecture,China,
Tuileries Palace,48.862222222,2.331111111,Wikidata: Q234364,,,
Tumiac tumulus,47.54102778,-2.87208333,Wikidata: Q3542056,Arzon,France,
Tumuli de Bussy-le-Château,49.035277777,4.324444444,Wikidata: Q18746221,Bussy-le-Château,France,
Tumuli du Soleil,50.636176,5.033763,Wikidata: Q2667030,Wasseiges,Belgium,
Tumuli Huismeer,51.4058,5.35105,Wikidata: Q17454663,Eersel,Netherlands,
Tumuli in Ermelo,52.28562,5.60771,Wikidata: Q17453770,Ermelo,Netherlands,
Tumuli in Hemdingen,53.7752,9.856,Wikidata: Q1373488,Hemdingen,Germany,
Tumuli of Bois des Tombes,50.67915,5.24109,Wikidata: Q2581353,Waremme,Belgium,
Tumuli of Libersart,50.6552,4.72158,Wikidata: Q2001444,Walhain,Belgium,
Tumuli of Mirteaux,50.6382,4.99673,Wikidata: Q4439643,Hannut,Belgium,
Tumuli of Noirmont,50.602223,4.64329,Wikidata: Q2643327,Chastre,Belgium,
Tumuli of Seron,50.59379,5.00842,Wikidata: Q645533,Fernelmont,Belgium,
Tumuli of Tusson,45.9333,0.08306,Wikidata: Q3542034,Tusson,France,
tumuli Wolfheze near A50,52.0002,5.80551,Wikidata: Q17454357,Renkum,Netherlands,
Tumulii de Kerelcun,48.39029,-3.82097,Wikidata: Q22996308,La Feuillée,France,
Túmulo de Los Tiesos,40.68777778,-4.55527778,Wikidata: Q6154669,Mediana de Voltoya,Spain,
Tumulo del Principe etrusco,43.73416667,10.39111111,Wikidata: Q4000423,Pisa,Italy,
Tumulo di Camucia,43.259869,11.974117,Wikidata: Q3305266,Cortona,Italy,
tumulus #46021,51.22895,6.06354,Wikidata: Q17454559,Roermond,Netherlands,
tumulus #46022,51.22931,6.06446,Wikidata: Q17454560,Roermond,Netherlands,
Tumulus aux Six Frères,50.55867,4.86556,Wikidata: Q2230537,Éghezée,Belgium,
Tumulus Bill,49.758404,6.03129,Wikidata: Q20575146,Helperknapp,Luxembourg,
tumulus d'Er Grah,47.572306,-2.950694,Wikidata: Q1347902,Locmariaquer,France,
Tumulus d'Etal-Berder,47.582595,-2.891731,Wikidata: Q22992030,Larmor-Baden,France,
Tumulus de Baudement,48.577766,3.784299,Wikidata: Q19546026,Baudement,France,
Tumulus de Champ-Châlons,46.2337,-0.807408,Wikidata: Q3542057,Benon,France,
Tumulus de Château Bû,47.765057,-1.985017,Wikidata: Q1090350,Saint-Just,France,
Tumulus de Colombiers-sur-Seulles,49.2967,-0.4947,Wikidata: Q2459710,Colombiers-sur-Seulles,France,
Tumulus de Kermain,48.10864,-3.45484,Wikidata: Q22992026,Langonnet,France,
Tumulus de la Hogue,49.09569444,-0.36236111,Wikidata: Q1798858,Fontenay-le-Marmion,France,
Tumulus de la Hoguette,49.0964,-0.35444,Wikidata: Q16008672,Fontenay-le-Marmion,France,
tumulus de la Motte à Poljeau,45.7023,-0.1723,Wikidata: Q22954561,Les Métairies,France,
Tumulus de la Plate Tombe,50.68815,5.25756,Wikidata: Q14509089,Waremme,Belgium,
tumulus de Mussig,48.2386,7.5034,Wikidata: Q14628631,Mussig,France,
Tumulus de Nillizien,48.063056,-2.968306,Wikidata: Q22992100,Pontivy,France,
Tumulus de Portzmeur,48.611264,-3.668736,Wikidata: Q22990592,Plouégat-Guérand,France,
tumulus de Rubrat Huella,48.5088,-4.6784,Wikidata: Q22990942,Plourin,France,
Tumulus de Run-er-Sinzen,47.65263,-3.1784,Wikidata: Q22991862,Erdeven,France,
tumulus de Saint Fiacre,48.00056,-3.09583,Wikidata: Q3542055,Melrand,France,
Tumulus de Tormancy,47.6358,3.97156,Wikidata: Q3542054,Massangis,France,
Tumulus deep in Vijlenerbos,50.75845,5.97898,Wikidata: Q17455827,Vaals,Netherlands,
tumulus du Mané-Lud,47.57388889,-2.95111111,Wikidata: Q1323726,Locmariaquer,France,
Tumulus du Montioux,46.247168,0.062538,Wikidata: Q15638587,Sainte-Soline,France,
Tumulus Großmugl,48.48833,16.22312,Wikidata: Q18023079,Großmugl,Austria,
Tumulus MM,39.653889,31.998056,Wikidata: Q25511426,Ankara Province,Turkey,
Tumulus of Aineffe,50.62294,5.26101,Wikidata: Q2260941,Faimes,Belgium,
Tumulus of Avernas,50.7013,5.07125,Wikidata: Q2409909,Hannut,Belgium,
Tumulus of Betz,50.74128,5.10154,Wikidata: Q4852433,Landen,Belgium,
Tumulus of Blehen,50.66862,5.13022,Wikidata: Q2283365,Hannut,Belgium,
Tumulus of Bougon,46.374,-0.0675,Wikidata: Q1310277,Bougon,France,
Tumulus of Genoelselderen,50.80348,5.52802,Wikidata: Q2236903,Riemst,Belgium,
Tumulus of Glimes,50.67676,4.83276,Wikidata: Q2247766,Incourt,Belgium,
tumulus of Gutschoven,50.77012,5.33237,Wikidata: Q2156054,Heers,Belgium,
Tumulus of Havelange,50.39051,5.28808,Wikidata: Q2223625,Clavier,Belgium,
Tumulus of Herderen,50.80676,5.5545,Wikidata: Q2172118,Riemst,Belgium,
Tumulus of Herderen,50.80559,5.5691,Wikidata: Q2326311,Riemst,Belgium,
Tumulus of Herstappe,50.72368,5.4161,Wikidata: Q4641804,Herstappe,Belgium,
Tumulus of Hochtumsknopf,50.23163,6.05816,Wikidata: Q1820643,Burg-Reuland,Belgium,
Tumulus of Hodeige,50.70041,5.36442,Wikidata: Q2088193,Oreye,Belgium,
tumulus of Kernonen,48.5886111,-4.051944444,Wikidata: Q3542051,Plouvorn,France,
Tumulus of Koninksem,50.76888,5.44443,Wikidata: Q1997166,Tongeren,Belgium,
Tumulus of Koninksem,50.76961,5.43902,Wikidata: Q2447307,Tongeren,Belgium,
Tumulus of Lamine,50.68946,5.33611,Wikidata: Q3370859,Remicourt,Belgium,
Tumulus of Marcinelle,50.38826,4.42728,Wikidata: Q2455642,沙勒罗瓦,Belgium,
Tumulus of Middelwinden,50.76154,5.04359,Wikidata: Q2689699,Landen,Belgium,
Tumulus of Noville,50.667,5.38096,Wikidata: Q4520168,Remicourt,Belgium,
Tumulus of Oleye,50.7158,5.28212,Wikidata: Q2171278,Waremme,Belgium,
Tumulus of Otrange,50.73752,5.36809,Wikidata: Q4878796,Oreye,Belgium,
Tumulus of Oultremont,50.58384,5.21961,Wikidata: Q14509090,Villers-le-Bouillet,Belgium,
Tumulus of Ramelot,50.46034,5.34334,Wikidata: Q14509091,Tinlot,Belgium,
Tumulus of Saives,50.65856,5.23911,Wikidata: Q3098259,Faimes,Belgium,
Tumulus of Schinkelsknopf,50.255608333,6.110852777,Wikidata: Q2222361,Sankt Vith,Belgium,
Tumulus of Trou de Billemont,50.57089,3.46152,Wikidata: Q2458578,Antoing,Belgium,
Tumulus of Vaux,50.62097,5.23017,Wikidata: Q2085821,Villers-le-Bouillet,Belgium,
Tumulus of Vechmaal,50.75704,5.3518,Wikidata: Q2004450,Heers,Belgium,
Tumulus of Vissoul,50.59766,5.13077,Wikidata: Q2595945,Burdinne,Belgium,
tumulus of Waesmont,50.73161,5.04863,Wikidata: Q2691955,Landen,Belgium,
Tumulus of Xhendremael,50.69735,5.47812,Wikidata: Q2235189,Ans,Belgium,
Tumulus of Yernawe,50.59442,5.34083,Wikidata: Q5092917,Saint-Georges-sur-Meuse,Belgium,
Tumulus op der Schanz,49.745611,6.325833,Wikidata: Q13105301,Altrier,Luxembourg,
"Tumulus, quadrilatère et menhir de Manio",47.602,-3.058,Wikidata: Q24931935,Carnac,France,
Tuna el-Gebel,27.738333333,30.704444444,Wikidata: Q734370,Minya Governorate,Egypt,
Tuntex Sky Tower,22.611666666,120.3,Wikidata: Q337631,,,
Turin Cathedral,45.07332,7.685435,Wikidata: Q958699,Turin,Italy,
Turkish State Cemetery,39.936944444,32.807222222,Wikidata: Q2617627,Yenimahalle district,Turkey,
Türkmenbaşy Mosque,38.017777777,58.252777777,Wikidata: Q558159,Ashgabat,Turkmenistan,
Turku Synagogue,60.4557464,22.26653918,Wikidata: Q2601015,Turku,Finland,
Turning Torso,55.613333333,12.976388888,Wikidata: Q206435,Malmö Municipality,Sweden,
TV Asahi headquarters,35.6597,139.730922222,Wikidata: Q96091681,Tokyo,Japan,
TWA Flight Center,40.645828,-73.777539,Wikidata: Q29257,New York,United States,
"Twee grafheuvels, alsmede zones",51.99486,5.8555,Wikidata: Q17441259,Renkum,Netherlands,
Twee Tommen,50.71601,5.16581,Wikidata: Q2373696,Gingelom,Belgium,
Twickenham Stadium,51.456111111,-0.341666666,Wikidata: Q209725,,,
two tumuli northwest of Bilderberglaan near Wolfheze,51.996625,5.808488888,Wikidata: Q17441254,Renkum,Netherlands,
Tyne Cot Cemetery,50.8875,2.998889,Wikidata: Q2369533,Zonnebeke,Belgium,
U Street Station,38.9169902,-77.0260055,Wikidata: Q7876239,"Washington, D.C.",United States,
U.S. Bank Center,43.038356,-87.902084,Wikidata: Q3487098,Milwaukee,United States,
U.S. Bank Tower,34.050961,-118.254353,Wikidata: Q57900,Los Angeles,United States,
U.S. Post Office,38.2989,-122.287,Wikidata: Q18157276,Napa,United States,
U.S. Post Office-Springville Main,40.162222,-111.609722,Wikidata: Q7863290,Utah,United States,
Ubora Towers,25.180556,55.271028,Wikidata: Q2472804,Emirate of Dubai,United Arab Emirates,
Uchimura Kanzo Memorial Stone Church,36.356306,138.587111,Wikidata: Q11584735,Nagakura,Japan,
UCLA Broad Art Center,34.07588522,-118.44118633,Wikidata: Q105771067,Westside,United States,
Uelzen harbour tumulus,53.006,10.5596,Wikidata: Q1540799,Uelzen,Germany,
Uffizi Gallery,43.768333333,11.255277777,Wikidata: Q51252,,,
Ullsteinhaus,52.4533,13.3853,Wikidata: Q143984,Tempelhof-Schöneberg,Germany,
Umeå City Church,63.823611111,20.267777777,Wikidata: Q4348256,Umeå Municipality,Sweden,
Union Bank Plaza,34.053,-118.257,Wikidata: Q4004762,Downtown Los Angeles,United States,
Uniqa Nouvel Tower,48.2129,16.3799,Wikidata: Q2494947,Vienna,Austria,
Unité d'Habitation of Berlin,52.510277777,13.243888888,Wikidata: Q1132023,Charlottenburg-Wilmersdorf,Germany,
United Center,41.880555555,-87.674166666,Wikidata: Q639975,,,
United Lutheran Church,47.91861111,-97.03027778,Wikidata: Q7888238,Grand Forks,United States,
United Nations Memorial Cemetery,35.12845,129.09623,Wikidata: Q15465499,Busan,South Korea,
United Nations Secretariat Building,40.749,-73.968,Wikidata: Q7888512,New York,United States,
United Office Building,43.087222,-79.0625,Wikidata: Q7889005,Niagara Falls,United States,
United States Capitol,38.889722222,-77.009166666,Wikidata: Q54109,"Washington, D.C.",United States,
United States Post Office,43.220556,-78.388611,Wikidata: Q7891000,New York,United States,
United States Post Office,36.3291,-119.293,Wikidata: Q7875915,Visalia,United States,
United States Post Office,42.0492,-70.1889,Wikidata: Q16238508,Provincetown,United States,
United States Post Office,42.622222,-73.8325,Wikidata: Q1363699,Bethlehem,United States,
United States Post Office,33.4047,-90.898,Wikidata: Q21196644,Leland,United States,
United States Post Office,42.559722,-77.694444,Wikidata: Q7890934,New York,United States,
United States Post Office,41.717778,-74.393333,Wikidata: Q7890943,New York,United States,
United States Post Office,41.116389,-74.151944,Wikidata: Q2466422,Suffern,United States,
United States Post Office,42.900556,-73.350833,Wikidata: Q2466373,Hoosick Falls,United States,
United States Post Office,41.014722,-73.874444,Wikidata: Q2466355,Dobbs Ferry,United States,
United States Post Office,40.93,-73.7514,Wikidata: Q14707564,Larchmont,United States,
United States Post Office,34.1,-118.330556,Wikidata: Q2466371,Los Angeles,United States,
United States Post Office,41.791667,-73.936389,Wikidata: Q2466387,Hyde Park,United States,
United States Post Office,43.4075,-73.26,Wikidata: Q2466367,Granville,United States,
United States Post Office,40.83,-73.9089,Wikidata: Q14707567,The Bronx,United States,
United States Post Office,36.21972222,-81.68611111,Wikidata: Q20715010,Boone,United States,
United States Post Office,40.707222,-73.628611,Wikidata: Q7890967,New York,United States,
United States Post Office,42.335556,-77.318889,Wikidata: Q7890909,New York,United States,
United States Post Office,42.0019,-76.5406,Wikidata: Q14707574,Waverly,United States,
United States Post Office,42.2503,-73.7892,Wikidata: Q14707560,Hudson,United States,
United States Post Office,43.0836,-76.8711,Wikidata: Q14707554,Clyde,United States,
United States Post Office,44.5953,-75.1697,Wikidata: Q14707551,Canton,United States,
United States Post Office,41.289444,-73.922778,Wikidata: Q7891027,New York,United States,
United States Post Office,41.503333,-74.005833,Wikidata: Q7891008,New York,United States,
United States Post Office,38.8856,-77.0956,Wikidata: Q14713407,Arlington County,United States,
United States Post Office,43.1003,-74.7728,Wikidata: Q14707558,Dolgeville,United States,
United States Post Office,41.705833,-73.927778,Wikidata: Q2466407,Poughkeepsie,United States,
United States Post Office,41.926389,-73.913333,Wikidata: Q2466417,Rhinebeck,United States,
United States Post Office,42.547222,-70.883889,Wikidata: Q7890915,Massachusetts,United States,
United States Post Office,40.765278,-73.011667,Wikidata: Q7891025,New York,United States,
United States Post Office,41.375,-74.6925,Wikidata: Q7891033,New York,United States,
United States Post Office,40.650556,-73.956667,Wikidata: Q7890947,New York,United States,
United States Post Office,43.423611,-73.713056,Wikidata: Q144425,Lake George,United States,
United States Post Office and Courthouse,32.366389,-88.699722,Wikidata: Q7891095,Meridian,United States,
United States Post Office and Courthouse–Aberdeen,45.462778,-98.486389,Wikidata: Q7891110,South Dakota,United States,
United States Post Office and Courthouse–Baton Rouge,30.449444,-91.178889,Wikidata: Q7891113,Louisiana,United States,
United States Post Office and Federal Building,37.691667,-97.338333,Wikidata: Q7891125,Wichita,United States,
United States Post Office Knickerbocker Station,40.714028,-73.991889,Wikidata: Q7891148,New York,United States,
United States Post Office–Lancaster Main,44.490556,-71.570278,Wikidata: Q7891147,New Hampshire,United States,
United States Post Office–Lewiston Main,44.0875,-70.223333,Wikidata: Q7891149,Maine,United States,
United States Post Office–Lexington Main,42.446944,-71.225556,Wikidata: Q7891153,Lexington,United States,
United States Post Office–Somerville Main,42.37978,-71.09362,Wikidata: Q7891173,Somerville,United States,
United States Post Office–Weymouth Landing,42.2181,-70.9672,Wikidata: Q14715896,Weymouth,United States,
University Apartments,41.795555555,-87.591111111,Wikidata: Q17027982,Chicago,United States,
University Hall,42.374444,-71.118056,Wikidata: Q7894712,Cambridge,United States,
University of Tartu Old Observatory,58.3788,26.720111111,Wikidata: Q2346055,Tartu City,Estonia,
University Religious Center,34.023403986,-118.284817417,Wikidata: Q134302378,Los Angeles,United States,
Unterbarmer Friedhof,51.2564,7.17417,Wikidata: Q974347,Wuppertal,Germany,
UOB Plaza One,1.28555,103.85,Wikidata: Q21036744,Raffles Place,Singapore,
Upper Granite Canyon Patrol Cabin,43.613658,-110.89786,Wikidata: Q7898665,Teton County,United States,
Uppsala Old Cemetery,59.854166666,17.622777777,Wikidata: Q4353116,Uppsala Municipality,Sweden,
Uptown Theatre,39.987222,-75.156389,Wikidata: Q7899456,Philadelphia,United States,
urban cemetery of Monza,45.574389,9.301628,Wikidata: Q3676934,Monza,Italy,
Urban Glass House,40.725768,-74.009676,Wikidata: Q22952159,New York,United States,
Urduliz,43.378889,-2.958333,Wikidata: Q3045452,Urduliz,Spain,
Uris Hall,42.447190293,-76.482232706,Wikidata: Q58434288,Ithaca,United States,
Urnenfriedhof Gerichtstraße,52.54555,13.3654,Wikidata: Q2500925,Bezirk Mitte,Germany,
US Post Office-Old Hickory,36.263889,-86.649722,Wikidata: Q115806184,Nashville,United States,
US Post Office-Somersworth Main,43.2592,-70.8717,Wikidata: Q18157059,Somersworth,United States,
US Post Office–Camas Main,45.58657107,-122.404029493,Wikidata: Q118220450,Camas,United States,
UTEC campus,-12.134931194,-77.021722,Wikidata: Q99769226,Barranco District,Peru,
Utrecht (Soestbergen) General Cemetery,52.077581,5.129467,Wikidata: Q1943852,Utrecht,Netherlands,
Utzon Center,57.0496,9.9265,Wikidata: Q1434077,Aalborg Municipality,Denmark,
Utzon's House in Hellebæk,56.0619,12.5607,Wikidata: Q7903509,Helsingør Municipality,Denmark,
Vaduz Cathedral,47.1362,9.5227,Wikidata: Q156427,Vaduz,Liechtenstein,
Vagankovo Cemetery,55.768055555,37.548333333,Wikidata: Q281859,Presnensky District,Russia,
Valenciennes (St Roch) Communal Cemetery,50.36712,3.538898,Wikidata: Q2193718,Valenciennes,France,
Valhalla Memorial Park Cemetery,34.190277777,-118.360833333,Wikidata: Q4007954,Los Angeles,United States,
Valhøj,55.6747,12.4581,Wikidata: Q12343682,Rødovre Municipality,Denmark,
Valley Cemetery,42.983211,-71.460117,Wikidata: Q514834,Manchester,United States,
Valley of the Golden Mummies,28.326811111,28.826111111,Wikidata: Q7912356,Giza Governorate,Egypt,
Valley of the Kings,25.74025,32.602358,Wikidata: Q133423,Luxor,Egypt,
Valley of the Kings,29.017821,91.679769,Wikidata: Q750107,Qonggyai County,China,
Valmy Cemetery,48.8303,2.39895,Wikidata: Q2972483,Paris,France,
Valsgärde,59.92611111,17.62638889,Wikidata: Q2096449,Uppsala Municipality,Sweden,
Van Gogh Museum,52.358416,4.881076,Wikidata: Q224124,,,
Vancouver House,49.27505556,-123.13088889,Wikidata: Q55636956,Vancouver,Canada,
Vår Frelsers gravlund,59.920994444,10.745069444,Wikidata: Q1069938,Oslo Municipality,Norway,
Varaždin City Cemetery,46.30887,16.323452,Wikidata: Q1457435,Varaždin,Croatia,
Varengeville-Sur-Mer Churchyard,49.9166,0.98186,Wikidata: Q2972634,Varengeville-sur-Mer,France,
Varnum School,42.651111,-71.299444,Wikidata: Q7916062,Massachusetts,United States,
Vasco da Gama Bridge,38.762194444,-9.043305555,Wikidata: Q233737,,,
Vasile Alecsandri National Theatre Iași,47.1632209,27.5848455,Wikidata: Q5983528,Iași,Romania,
Vatican Necropolis,41.902301,12.453293,Wikidata: Q2119637,Vatican City,Vatican City,
Vaux-le-Vicomte,48.565832,2.714154,Wikidata: Q739976,Moisenay,France,
Veitskirche,47.2818,15.5139,Wikidata: Q2512169,Passail,Austria,
Vendegies Cross Roads British Cemetery,50.257236,3.516848,Wikidata: Q1908376,Bermerain,France,
Vendeville cemetery,50.577188,3.080565,Wikidata: Q1867625,Vendeville,France,
Vercelli Synagogue,45.32576,8.42579,Wikidata: Q74729,Vercelli,Italy,
Vermont State House,44.2625,-72.580555555,Wikidata: Q723549,Montpelier,United States,
Verona 203A,40.342146,-3.676448,Wikidata: Q26701989,Butarque,Spain,
Vertigneul Churchyard,50.196318,3.547583,Wikidata: Q2754471,Romeries,France,
"Vestagebouw, Arnhem",51.98455,5.906231,Wikidata: Q11718612,Arnhem,Netherlands,
Vestre Cemetery,55.65874,12.52943,Wikidata: Q3305530,Copenhagen Municipality,Denmark,
Vestre gravlund,59.931666666,10.697222222,Wikidata: Q1413698,Frogner,Norway,
Vicoigne cemetery,50.407379,3.47275,Wikidata: Q1866882,Raismes,France,
Vicq Communal Cemetery,50.4099,3.6038,Wikidata: Q3280174,Vicq,France,
Victims of Totalitarianism Cemetery in Kharkiv,50.08055556,36.26277778,Wikidata: Q1457486,Kharkiv,Ukraine,
Victoria Eugenia Theater,43.32259832,-1.980967399,Wikidata: Q3114044,San Sebastián,Spain,
Vienna Central Cemetery,48.15072,16.43808,Wikidata: Q240744,Kaiserebersdorf,Austria,
Vienna City Hall,48.2108,16.3574,Wikidata: Q686468,Innere Stadt,Austria,
Vienna State Opera house,48.203333333,16.369166666,Wikidata: Q209937,,,
Viesly Communal Cemetery,50.151098,3.471204,Wikidata: Q2111047,Viesly,France,
Vignacourt Communal Cemetery,50.006341,2.190036,Wikidata: Q2242236,Vignacourt,France,
Vila Emila Simona,50.881705833,15.182616944,Wikidata: Q111082015,Q56417241,Czech Republic,
Villa Almerico Capra (La Rotonda),45.531524,11.560268,Wikidata: Q505574,Vicenza,Italy,
Villa Cele-María,36.721927777,-4.400508333,Wikidata: Q45227805,Málaga,Spain,
Villa d'Adda-Borromeo,45.526618,9.519893,Wikidata: Q16621606,Cassano d'Adda,Italy,
Villa d'Este,41.9625,12.796111111,Wikidata: Q746063,Tivoli,Italy,
Villa Farnese,42.328632,12.23701,Wikidata: Q597957,Caprarola,Italy,
Villa Giulia,41.918697,12.477595,Wikidata: Q964499,Flaminio,Italy,
Villa Godi,45.746141,11.534439,Wikidata: Q2084394,Lugo di Vicenza,Italy,
Villa Göth,59.84398056,17.62979444,Wikidata: Q10715473,Uppsala Municipality,Sweden,
Vil·la Hispanoàrab,41.411899,2.137031,Wikidata: Q113731933,Sant Gervasi-la Bonanova,Spain,
Villa Holme,59.5533,10.4423,Wikidata: Q36524470,Asker,Norway,
Villa Lante,42.425833333,12.154722222,Wikidata: Q2165810,Viterbo,Italy,
Villa Le Quart-d'Heure,50.52253,1.58156,Wikidata: Q3558634,Le Touquet-Paris-Plage,France,
Villa Mairea,61.5974518,21.8745078,Wikidata: Q2706241,Pori,Finland,
Villa Montfeld,36.756388888,3.040277777,Wikidata: Q107027838,mousoumba,Algeria,
Villa Olanda,52.10082,4.28441,Wikidata: Q17453482,The Hague,Netherlands,
Villa Salatiga,51.84152,5.88561,Wikidata: Q17600074,Nijmegen,Netherlands,
Villa Skagestad,59.964972222,10.792138888,Wikidata: Q12009823,Oslo Municipality,Norway,
Villa Tugendhat,49.207222222,16.615833333,Wikidata: Q457453,Brno-sever,Czech Republic,
Villa van Buuren,50.81007,4.353803,Wikidata: Q1686386,Uccle,Belgium,
Villa Wittal,49.1970258,16.5696581,Wikidata: Q33254577,Q113123187,Czech Republic,
Villers-au-Tertre Communal Cemetery,50.302916,3.182312,Wikidata: Q2193016,Villers-au-Tertre,France,
Villers-Carbonnel Communal Cemetery,49.876616,2.894198,Wikidata: Q2300103,Villers-Carbonnel,France,
Villetta Cemetery,44.78987,10.313902,Wikidata: Q3676924,Parma,Italy,
Vilnius Cathedral,54.685888888,25.287877777,Wikidata: Q1281237,Vilnius,Lithuania,
Vingshögarna,56.576301,13.10344,Wikidata: Q29372257,Laholm Municipality,Sweden,
Vinohrady Cemetery,50.0763,14.4811,Wikidata: Q7058609,Prague,Czech Republic,
Virgin Hotels Chicago,41.8861,-87.626,Wikidata: Q3350186,Chicago,United States,
Virginia Episcopal School,37.4526,-79.1907,Wikidata: Q7934263,Lynchburg,United States,
Virginia Hall,32.84277778,-96.78638889,Wikidata: Q55637154,University Park,United States,
Vision Tower,25.187986,55.264847,Wikidata: Q1614219,Dubai,United Arab Emirates,
Vitebsky railway station,59.919966666,30.328888888,Wikidata: Q1238406,Saint Petersburg,Russia,
Vitra Design Museum,47.602777777,7.618055555,Wikidata: Q700747,Weil am Rhein,Germany,
Vitra Fire Station,47.60036,7.61463,Wikidata: Q25455138,Weil am Rhein,Germany,
VivoCity,1.26389,103.822,Wikidata: Q7937930,Maritime Square (subzone),Singapore,
Vix grave,47.902518,4.543375,Wikidata: Q1483632,Vix,France,
Vjesnik Building,45.793742,15.9595561,Wikidata: Q12644792,Trnje,Croatia,
Vladykino cemetery,55.845627777,37.591094444,Wikidata: Q4113376,Moscow,Russia,
Vodnikov hospital,48.701016,44.499083,Wikidata: Q110026432,"Voroshilovskiy District, Volgograd",Russia,
Volierendach im Tierpark Hellabrunn,48.0981,11.555,Wikidata: Q118424837,Untergiesing-Harlaching,Germany,
Volkovo Cemetery,59.901624,30.362605,Wikidata: Q1848616,Frunzensky District,Russia,
Volkovo Cemetery,55.9225,37.691666666,Wikidata: Q4123475,Mytishchi,Russia,
Volksbank-Center am Potsdamer Platz,52.5054,13.3736,Wikidata: Q130315060,Berlin,Germany,
Volkshuis,51.169032744,4.145390073,Wikidata: Q122188068,Sint-Niklaas,Belgium,
Von-Alten-Garten,52.3644,9.71167,Wikidata: Q2533070,Linden-Limmer,Germany,
Vongshøj,55.088031851,8.921546985,Wikidata: Q1658360,Tønder Municipality,Denmark,
Vontz Center for Molecular Studies,39.1363,-84.5063,Wikidata: Q118636344,Cincinnati,United States,
Vooruit office and printing house,51.047197293,3.727021106,Wikidata: Q1994473,Ghent,Belgium,
Vorstengraf De Hamert,51.51537,6.17271,Wikidata: Q2531222,Bergen,Netherlands,
Vorstengraf Oss,51.73302,5.56689,Wikidata: Q2207902,Oss,Netherlands,
Vorstengraf Zevenbergen,51.73379,5.57563,Wikidata: Q17453141,Oss,Netherlands,
Vostryakovo Cemetery,55.661786111,37.442458333,Wikidata: Q1457453,Troparyovo-Nikulino District,Russia,
Votive Church,48.21545,16.3591,Wikidata: Q254476,Alsergrund,Austria,
Voznesenskoye Cemetery,57.312222222,47.886111111,Wikidata: Q4114904,Yaransk,Russia,
Vrangendael Cemetery,50.995811,5.879875,Wikidata: Q2016989,Sittard-Geleen,Netherlands,
Vsehsvyatskoe Cemetery,54.179444444,37.611666666,Wikidata: Q2972567,Tula,Russia,
"Vsesvyatskoye cemetery, Krasnodar",45.044747222,38.971086111,Wikidata: Q4127577,Krasnodar,Russia,
Vvedenskoye Cemetery,55.768055555,37.710277777,Wikidata: Q1517387,Lefortovo District,Russia,
Vyborgskoe Catholic cemetery,59.966061,30.370079,Wikidata: Q4128558,Kalininsky District,Russia,
Vyšehrad cemetery,50.065,14.417777777,Wikidata: Q118967,Prague,Czech Republic,
W. H. Adamson High School,32.74757654,-96.82223897,Wikidata: Q7945611,Dallas County,United States,
W. R. Grace Building,40.7547,-73.9825,Wikidata: Q685377,New York,United States,
W. W. Orr Building,33.7677,-84.3856,Wikidata: Q7946052,Georgia,United States,
W.F. Hitchcock House,40.790833333,-96.684166666,Wikidata: Q65071365,Lincoln,United States,
Wadi-us-Salaam,32.005,44.315,Wikidata: Q1909993,Najaf,Iraq,
Walderseestraße 3,52.3893,9.75363,Wikidata: Q81826776,Vahrenwald-List,Germany,
Waldfriedhof Dahlem,52.456,13.264,Wikidata: Q875626,Steglitz-Zehlendorf,Germany,
Waldfriedhof Düsseldorf-Gerresheim,51.2308,6.86914,Wikidata: Q1479324,Düsseldorf,Germany,
Waldfriedhof Grünau,52.407277777,13.590527777,Wikidata: Q1530182,Treptow-Köpenick,Germany,
Waldfriedhof Volksdorf,53.667257,10.158553,Wikidata: Q1266022,Wandsbek,Germany,
Waldfriedhof Weißer Hirsch,51.0635,13.8323,Wikidata: Q2541529,Dresden,Germany,
Waldfriedhof Zlín,49.199008333,17.663097222,Wikidata: Q2541531,Zlín,Czech Republic,
Waldstadion,50.068611,8.645278,Wikidata: Q157273,,,
Wallfahrtskirche Frauenstein,47.8492,14.1858,Wikidata: Q1644857,Molln,Austria,
Wallfahrtskirche Mauer bei Melk,48.2295,15.423,Wikidata: Q1453793,Dunkelsteinerwald,Austria,
Walnut Canyon Visitor Center,35.171635,-111.509475,Wikidata: Q66314604,Coconino County,United States,
Walsh County Courthouse,48.418333,-97.404167,Wikidata: Q7963820,North Dakota,United States,
Wancourt British Cemetery,50.244816,2.878226,Wikidata: Q304198,Wancourt,France,
Wanda Mound,50.070277777,20.068055555,Wikidata: Q421819,Kraków,Poland,
Wanskuck Library-Providence Community Library,41.851111,-71.434722,Wikidata: Q7968095,Rhode Island,United States,
Wappingers Falls Village Hall,41.596944444,-73.918055555,Wikidata: Q1229508,Wappingers Falls,United States,
Ward County Courthouse,48.233056,-101.2875,Wikidata: Q7968993,North Dakota,United States,
"Warenhuis, in oorsprong gebouwd voor Vroom & Dreesmann in expressionistische stijl",52.07804,4.31386,Wikidata: Q17456625,The Hague,Netherlands,
Warhem cemetery,50.976367,2.488106,Wikidata: Q1924706,Warhem,France,
Warren McGuirk Alumni Stadium,42.3773,-72.536,Wikidata: Q6588293,Massachusetts,United States,
Washington Armory,40.167286,-80.246489,Wikidata: Q7971660,Washington,United States,
Washington County Courthouse,39.81777778,-97.05055556,Wikidata: Q48842243,Washington,United States,
Washington National Airport Terminal and South Hangar Line,38.84793,-77.04386,Wikidata: Q18159154,Arlington County,United States,
Washington National Cathedral,38.930611111,-77.070555555,Wikidata: Q668710,"Washington, D.C.",United States,
Washington Navy Yard,38.873888888,-76.995,Wikidata: Q1637241,"Washington, D.C.",United States,
Washington Plaza,40.440555555,-79.986388888,Wikidata: Q524673,Pittsburgh,United States,
Washington Union Station,38.89731,-77.00626,Wikidata: Q3570,"Washington, D.C.",United States,
Wat Benchamabophit,13.766111111,100.514169444,Wikidata: Q2165719,Dusit,Thailand,
Watchman Lookout Station,42.942953,-122.172419,Wikidata: Q7973172,Klamath County,United States,
Water Tower,31.321343,-97.469549,Wikidata: Q98094879,Coryell County,United States,
Water Tower Radio Kootwijk,52.174722,5.825556,Wikidata: Q3219747,Apeldoorn,Netherlands,
Waterline Square,40.773055555,-73.991666666,Wikidata: Q29469318,,United States,
Watertower Noordwijk,52.24207,4.43677,Wikidata: Q4737456,Noordwijk,Netherlands,
Watertown Stadium,44.904444,-97.139167,Wikidata: Q7974511,South Dakota,United States,
Waverley Cemetery,-33.9090398,151.2669656,Wikidata: Q2972578,Municipality of Waverley,Australia,
Wawel Cathedral,50.054638888,19.935416666,Wikidata: Q638519,Kraków,Poland,
Wayne L. Morse United States Courthouse,44.0511,-123.087,Wikidata: Q7976402,Oregon,United States,
Weill Institute for Cell and Molecular Biology,42.446870791,-76.477279693,Wikidata: Q7980202,Ithaca,United States,
Weimarer Fürstengruft,50.972586111,11.325644444,Wikidata: Q315764,Weimar,Germany,
Weinberg,54.768675,9.387717,Wikidata: Q25089440,Flensburg,Germany,
Weinbergfriedhof,51.9331,8.87525,Wikidata: Q2555853,Detmold,Germany,
Weisman Art Museum,44.972777777,-93.238055555,Wikidata: Q1431431,Minneapolis,United States,
Weißensee Cemetery,52.544722222,13.458333333,Wikidata: Q675174,Pankow,Germany,
Weizmann House,31.906453,34.818564,Wikidata: Q2903120,Rehovot,Israel,
Wellington Cemetery,50.209735,3.345207,Wikidata: Q3423358,Rieux-en-Cambrésis,France,
Wellman Apartments,43.618888888,-116.194444444,Wikidata: Q65091892,Boise,United States,
Wells Fargo Center,39.7446,-104.985,Wikidata: Q1631887,Denver,United States,
Wells Fargo Plaza,31.760092,-106.485983,Wikidata: Q7981662,El Paso,United States,
Weltstadthaus,50.9356,6.95299,Wikidata: Q2558678,Altstadt-Nord,Germany,
Wembley Stadium,51.555555555,-0.279444444,Wikidata: Q128468,,,
Wennigser Friedhof,52.2725,9.57556,Wikidata: Q1471738,Wennigsen,Germany,
Wervicq-Sud cemetery,50.771577,3.03962,Wikidata: Q2300382,Wervicq-Sud,France,
West Kennet Long Barrow,51.4086,-1.85104,Wikidata: Q541312,Avebury,United Kingdom,
West Norwood Cemetery,51.432977,-0.098117,Wikidata: Q1290155,London Borough of Lambeth,United Kingdom,
West Point Cemetery,41.398888888,-73.967222222,Wikidata: Q2687434,Orange County,United States,
West Virginia State Capitol,38.3361,-81.6119,Wikidata: Q2920261,Charleston,United States,
West-Cappel Churchyard Cemetery,50.927586,2.508369,Wikidata: Q2612234,West-Cappel,France,
Westendstrasse 1,50.110555555,8.6625,Wikidata: Q657979,Frankfurt,Germany,
Westerbegraafplaats,52.459978,4.601556,Wikidata: Q2195859,Velsen,Netherlands,
Western Xia Imperial Tombs,38.435035,105.987167,Wikidata: Q1069411,Yinchuan,China,
Westerveld,52.445556,4.631667,Wikidata: Q2303738,Velsen,Netherlands,
Westfalenstadion,51.4925,7.451667,Wikidata: Q150928,,,
Westfriedhof,48.169620702,11.526656671,Wikidata: Q1586434,Munich,Germany,
Westfriedhof,52.1282,11.5862,Wikidata: Q2565194,Magdeburg,Germany,
Westfriedhof,50.9718,6.87864,Wikidata: Q2565200,Vogelsang,Germany,
Westgaarde,52.36,4.774167,Wikidata: Q2017234,Amsterdam,Netherlands,
Westgate Tower,30.274134,-97.74273447,Wikidata: Q48797047,Travis County,United States,
Westminster Hall and Burying Ground,39.29,-76.6239,Wikidata: Q129795,Baltimore,United States,
Westpac Canterbury Centre,-43.533244444,172.638075,Wikidata: Q17036267,Christchurch,New Zealand,
Westvleteren Belgian Military Cemetery,50.92639,2.72056,Wikidata: Q2185004,Vleteren,Belgium,
Westwood Village Memorial Park Cemetery,34.058346,-118.441134,Wikidata: Q1358639,Los Angeles,United States,
Wharton-Scott House,32.737778,-97.342222,Wikidata: Q7990696,Fort Worth,United States,
White Hart Lane,51.603333333,-0.065833333,Wikidata: Q186425,,,
White House,55.754675,37.572968,Wikidata: Q844124,Presnensky District,Russia,
White House,38.897777777,-77.036666666,Wikidata: Q35525,"Washington, D.C.",United States,
White Pines State Park Lodge and Cabins,42.0475,-89.433889,Wikidata: Q7995209,Illinois,United States,
White River Mess Hall and Dormitory,46.9022,-121.554,Wikidata: Q7995294,Pierce County,United States,
Whitemarsh Hall,40.0936,-75.1982,Wikidata: Q7996164,Pennsylvania,United States,
Whitney Museum of American Art,40.7396,-74.0089,Wikidata: Q639791,New York,United States,
Wicres churchyard,50.570805,2.86795,Wikidata: Q2293094,Wicres,France,
Wielsbeke Communal Cemetery,50.90525,3.379083,Wikidata: Q2967806,Wielsbeke,Belgium,
Wien Hauptbahnhof,48.185,16.377777777,Wikidata: Q697300,,,
"Wierhuizen Protestant Cemetery, De Marne",53.40091,6.42573,Wikidata: Q2014914,De Marne,Netherlands,
Wieskirche,47.6806,10.900445,Wikidata: Q156675,施泰因加登,Germany,
Wiesner building,42.360861111,-71.087722222,Wikidata: Q7999383,Cambridge,United States,
Wilaya Building,33.5903,-7.619,Wikidata: Q93361271,Casablanca,Morocco,
Wild Basin House,40.208056,-105.565556,Wikidata: Q8000518,Boulder County,United States,
Wilkinson House,36.348,-86.8528,Wikidata: Q22073290,Joelton,United States,
Willems cemetery,50.628828,3.247238,Wikidata: Q2049414,Willems,France,
William A. Nelden House,40.766944,-111.856389,Wikidata: Q8004015,Salt Lake City,United States,
William Dunbar House,43.625555555,-116.205555555,Wikidata: Q64788569,Boise,United States,
William H. Martin House,34.5042,-93.0631,Wikidata: Q14681491,Arkansas,United States,
William Jennings Bryan House,35.6125,-82.550556,Wikidata: Q8013551,North Carolina,United States,
William Kenzo Nakamura United States Courthouse,47.6072,-122.331,Wikidata: Q12072933,Seattle,United States,
William L. Slayton House,38.936547374,-77.067213232,Wikidata: Q8014211,"Washington, D.C.",United States,
William-Oliver Building,33.7547,-84.3899,Wikidata: Q8003807,Atlanta,United States,
Willis Building,51.5129,-0.0815,Wikidata: Q3109593,London,United Kingdom,
Willis Building,52.0556,1.1507,Wikidata: Q1134093,Ipswich,United Kingdom,
Willis Tower,41.878611,-87.635833,Wikidata: Q29294,Chicago,United States,
Willow Park Patrol Cabin,40.433318,-105.73407,Wikidata: Q8022342,Larimer County,United States,
Wilmersdorf Cemetery,52.485166666,13.311,Wikidata: Q1457448,Charlottenburg-Wilmersdorf,Germany,
Wilmersdorfer Waldfriedhof Stahnsdorf,52.3947,13.1794,Wikidata: Q2582386,Stahnsdorf,Germany,
Wimille Communal Cemetery,50.769026,1.628806,Wikidata: Q3468778,Wimille,France,
Windsor Castle,51.4838,-0.60483,Wikidata: Q42646,Windsor and Maidenhead,United Kingdom,
Winnezeele Churchyard,50.841401,2.550131,Wikidata: Q2184222,Winnezeele,France,
Winter Palace,59.940277777,30.313888888,Wikidata: Q182147,Dvortsovy Municipal Okrug,Russia,
Winthirfriedhof,48.155,11.53,Wikidata: Q1296166,Neuhausen-Nymphenburg,Germany,
Witte Huis,51.918611,4.491667,Wikidata: Q2510082,Rotterdam,Netherlands,
Witte Kerkje,52.669147,4.706153,Wikidata: Q2197577,Bergen,Netherlands,
Wittenbergplatz metro station,52.501944444,13.343055555,Wikidata: Q692727,Tempelhof-Schöneberg,Germany,
Wittes Churchyard,50.669603,2.393106,Wikidata: Q1843455,Wittes,France,
Wittwieverbarg,54.1146,10.5865,Wikidata: Q2586910,Eutin,Germany,
Wohnbau Böhm,52.499,13.3273,Wikidata: Q134233884,Berlin,Germany,
Wolfgottesacker,47.540191666,7.608230555,Wikidata: Q1499910,Canton of Basel-Stadt,Switzerland,
Wolvercote Cemetery,51.791311111,-1.273211111,Wikidata: Q82162,Oxford,United Kingdom,
Woman's Christian Temperance Union Administration Building,42.0511,-87.6783,Wikidata: Q16903634,Evanston,United States,
Woodlawn Cemetery,40.889167,-73.873333,Wikidata: Q2000666,The Bronx,United States,
Woodlawn Memorial Cemetery,34.0175,-118.475,Wikidata: Q3935937,Santa Monica,United States,
Woods Hill,36.6819,-76.9594,Wikidata: Q16903680,Franklin,United States,
Worker's Accident Insurance Company for Moravia and Silesia in Brno,49.1976402,16.6147759,Wikidata: Q38229079,Zábrdovice,Czech Republic,
World Port Center,51.904722222,4.484722222,Wikidata: Q828343,Rotterdam,Netherlands,
World War I Cemetery nr 1 in Ożenna,49.418888888,21.4575,Wikidata: Q2654384,Ożenna,Poland,
World War I Cemetery nr 10 in Wola Cieklińska,49.626944444,21.389444444,Wikidata: Q4273870,Wola Cieklińska,Poland,
World War I Cemetery nr 105 in Biecz,49.72674,21.24142,Wikidata: Q5420546,Biecz,Poland,
World War I Cemetery nr 106 in Biecz,49.73088,21.24703,Wikidata: Q5420820,Biecz,Poland,
World War I Cemetery nr 108 in Biecz,49.73158,21.25483,Wikidata: Q5420541,Biecz,Poland,
World War I Cemetery nr 11 in Wola Cieklińska,49.625816666,21.375666666,Wikidata: Q4274046,Wola Cieklińska,Poland,
World War I Cemetery nr 12 in Cieklin-Józefów,49.645277777,21.412777777,Wikidata: Q4352092,Cieklin,Poland,
World War I Cemetery nr 13 in Cieklin,49.650833333,21.378611111,Wikidata: Q4408992,Cieklin,Poland,
World War I Cemetery nr 14 in Cieklin,49.6489,21.3745,Wikidata: Q4352088,Cieklin,Poland,
World War I Cemetery nr 15 in Harklowa,49.710277777,21.342083333,Wikidata: Q4473317,"Harklowa, Podkarpackie Voivodeship",Poland,
World War I Cemetery nr 16 in Osobnica,49.70111084,21.40652847,Wikidata: Q4502700,Osobnica,Poland,
World War I Cemetery nr 198 in Błonie,49.958247,20.902593,Wikidata: Q136951,"Błonie, Lesser Poland Voivodeship",Poland,
World War I Cemetery nr 217 in Januszkowice,49.843333333,21.446666666,Wikidata: Q5307415,"Januszkowice, Podkarpackie Voivodeship",Poland,
World War I Cemetery nr 223 in Brzostek,49.645277777,21.412777777,Wikidata: Q4409441,Brzostek,Poland,
World War I Cemetery nr 387 in Kraków,50.0525,19.952222222,Wikidata: Q137121,Kraków,Poland,
World War I Cemetery nr 388 in Rakowice,50.074361111,19.947416666,Wikidata: Q137132,Kraków,Poland,
World War I Cemetery nr 4 in Grab,49.426944444,21.444444444,Wikidata: Q2913179,"Grab, Podkarpackie Voivodeship",Poland,
World War I Cemetery nr 43 in Radocyna,49.446111111,21.370722222,Wikidata: Q4352090,Radocyna,Poland,
World War I Cemetery nr 45 in Lipna,49.474488888,21.3431,Wikidata: Q3274214,"Lipna, Lesser Poland Voivodeship",Poland,
World War I Cemetery nr 47 in Konieczna,49.456861111,21.310972222,Wikidata: Q3734908,Konieczna,Poland,
World War I Cemetery nr 5 in Grab,49.439444444,21.439166666,Wikidata: Q2686840,"Grab, Podkarpackie Voivodeship",Poland,
World War I Cemetery nr 51 at Rotunda,49.474680555,21.2354,Wikidata: Q4901625,Regietów,Poland,
World War I Cemetery nr 53 in Czarne,49.481686111,21.362338888,Wikidata: Q2813143,"Czarne, Lesser Poland Voivodeship",Poland,
World War I Cemetery nr 54 in Krzywa,49.515111111,21.312388888,Wikidata: Q3274235,"Krzywa, Lesser Poland Voivodeship",Poland,
World War I Cemetery nr 55 in Gładyszów,49.581944444,21.239722222,Wikidata: Q3329976,Gładyszów,Poland,
World War I Cemetery nr 57 in Uście Gorlickie,49.524166666,21.136944444,Wikidata: Q3537933,Gmina Ropa,Poland,
World War I Cemetery nr 58 in Przysłup,49.5527,21.2193,Wikidata: Q3537520,"Przysłup, Lesser Poland Voivodeship",Poland,
World War I Cemetery nr 59 in Przysłup,49.5457,21.2188,Wikidata: Q3538521,"Przysłup, Lesser Poland Voivodeship",Poland,
World War I Cemetery nr 6 in Krempna,49.51,21.493055555,Wikidata: Q2686860,Krempna,Poland,
World War I Cemetery nr 60 in Przełęcz Małastowska,49.543888888,21.243888888,Wikidata: Q3537530,Pętna,Poland,
World War I Cemetery nr 61 in Gładyszów,49.519861,21.280556,Wikidata: Q3386946,Gładyszów,Poland,
World War I Cemetery nr 62 in Banica,49.530169444,21.308988888,Wikidata: Q2813149,Banica,Poland,
World War I Cemetery nr 70 in Owczary,49.5883,21.1964,Wikidata: Q3208424,Owczary,Poland,
World War I Cemetery nr 8 in Nowy Żmigród,49.6075,21.531667,Wikidata: Q4122458,Nowy Żmigród,Poland,
World War I Cemetery nr 81 in Męcina Wielka,49.626555555,21.255027777,Wikidata: Q3207583,Męcina Wielka,Poland,
World War I Cemetery nr 82 in Męcina Wielka,49.624444444,21.269166666,Wikidata: Q3207572,Męcina Wielka,Poland,
World War I Cemetery nr 93 in Stróżówka,49.674177777,21.139061111,Wikidata: Q5157486,Stróżówka,Poland,
World War I Cemetery nr 95 in Stróżówka,49.681388888,21.136944444,Wikidata: Q5361625,Stróżówka,Poland,
Worms Cathedral,49.630277777,8.359722222,Wikidata: Q701996,Worms,Germany,
Wotruba Church,48.14764,16.25344,Wikidata: Q684334,Mauer,Austria,
Writers House,53.906128055,27.574828888,Wikidata: Q88546038,"Partizansky District, Krasnoyarsk Krai",Belarus,
Wrocław water tower,51.08523056,17.01756389,Wikidata: Q1786037,Wrocław,Poland,
WRVA Building,37.5328,-77.4223,Wikidata: Q7955376,Virginia,United States,
Wulsdorfer Friedhof,53.51361,8.59781,Wikidata: Q1709677,Wulsdorf,Germany,
Wulverdinghe churchyard,50.832119,2.254004,Wikidata: Q5137795,Wulverdinghe,France,
Wurzburg Cathedral,49.793378,9.932397,Wikidata: Q252166,Würzburg,Germany,
Würzburg Residence,49.792797617,9.938889043,Wikidata: Q156316,Würzburg,Germany,
Wynne Post Office,35.2242,-90.7892,Wikidata: Q18706202,Wynne,United States,
Xiaohe Cemetery,40.3364,88.6725,Wikidata: Q179220,Ruoqiang County,China,
Y Farm Military Cemetery,50.639658,2.864938,Wikidata: Q3571197,Bois-Grenier,France,
Yale Art and Architecture Building,41.3123,-72.924,Wikidata: Q4176574,New Haven,United States,
Yamanashi Broadcasting and Press Centre,35.668333,138.570833,Wikidata: Q11469632,Yamanashi,Japan,
Yaña Bistä cemetery,55.759444444,49.114444444,Wikidata: Q4452529,Privolzhsky District,Russia,
Yanaka Cemetery,35.725277777,139.770555555,Wikidata: Q864387,Tokyo,Japan,
Yaoko Kawagoe Museum,35.928556,139.489056,Wikidata: Q11344966,Tokyo,Japan,
Yarkand Khanate Royal Cemetery,38.41555556,77.255,Wikidata: Q650586,Yarkant County,China,
Yarkon Cemetery,32.1156,34.87,Wikidata: Q2897414,Gush Dan,Israel,
Yasukuni Shrine,35.693958333,139.742691666,Wikidata: Q242803,,,
Yatsushiro Municipal Museum,32.50825,130.596556,Wikidata: Q17222013,Yatsushiro,Japan,
Yegoshikha Cemetery,58.012578,56.269828,Wikidata: Q2972580,Sverdlovsky District,Russia,
Yenidze,51.059019,13.726853,Wikidata: Q512953,Dresden,Germany,
Yerablur,40.159975,44.454213888,Wikidata: Q2660786,Yerevan,Armenia,
Yıldız Hamidi Mosque,41.04941111,29.00993611,Wikidata: Q1573438,Beşiktaş,Turkey,
YMCA Philadelphia,39.954722,-75.164722,Wikidata: Q8045953,Pennsylvania,United States,
Yokohama Landmark Tower,35.454722222,139.631666666,Wikidata: Q587108,Yokohama,Japan,
Yokohama Museum of Art,35.4571,139.631,Wikidata: Q861588,Yokohama,Japan,
Yokosuka Arts Theatre,35.2811,139.663,Wikidata: Q892352,Tokyo,Japan,
Yokosuka Museum of Art,35.259442,139.737936,Wikidata: Q11543551,Tokyo,Japan,
York University,43.7739,-79.5,Wikidata: Q4132759,Toronto,Canada,
Yosemite National Park Post Office,37.748254,-119.586341,Wikidata: Q97577069,Mariposa County,United States,
Young Men's and Young Women's Hebrew Association Building,39.2972,-76.6208,Wikidata: Q8058302,Maryland,United States,
Yoyogi National Gymnasium,35.6675,139.700278,Wikidata: Q1069457,Tokyo,Japan,
Yusupov Palace,44.4325,34.0894,Wikidata: Q4535415,Koreiz,Ukraine,
Yusupov Palace on Moika,59.929389,30.298922,Wikidata: Q2991838,Moyka River Embankment,Russia,
Yves du Manoir Stadium,48.93145,2.24961,Wikidata: Q754502,,,
YWCA Building,40.6948,-89.5882,Wikidata: Q8046072,Peoria,United States,
Zagreb Orthodox Cathedral,45.81265,15.9739,Wikidata: Q1275381,Zagreb,Croatia,
Zagreb Synagogue,45.8118,15.9781,Wikidata: Q6333102,Zagreb,Croatia,
Zahir-od-dowleh cemetery,35.811989,51.433511,Wikidata: Q3574608,Shemiranat County,Iran,
Žale Central Cemetery,46.070781083,14.531855141,Wikidata: Q338245,Ljubljana City Municipality,Slovenia,
Zandkasteel,52.313611111,4.952222222,Wikidata: Q2559646,Amsterdam,Netherlands,
Žatecká 10,50.0885294,14.4178092,Wikidata: Q69421453,Prague 1,Czech Republic,
Zecca of Venice,45.433333333,12.339166666,Wikidata: Q169575,San Marco,Italy,
Zehlendorf Forest Cemetery,52.424166666,13.211111111,Wikidata: Q1314657,Steglitz-Zehlendorf,Germany,
Zehrensdorf Indian Military Cemetery,52.1728,13.5025,Wikidata: Q184707,Zossen,Germany,
Zeitenlik,40.654441666,22.933713888,Wikidata: Q3052315,Ampelokipoi-Menemeni Municipality,Greece,
Zemun Cemetery,44.8485,20.4075,Wikidata: Q2972576,Belgrade,Serbia,
Zénith de Lille,50.6336,3.07763,Wikidata: Q20055541,Lille,France,
Zénith de Saint-Étienne Métropole,45.4546,4.39262,Wikidata: Q3576488,Saint-Étienne,France,
Zentralfriedhof,51.7876,11.1665,Wikidata: Q190479,Quedlinburg,Germany,
Zentralfriedhof Bochum,51.4786,7.25325,Wikidata: Q190481,Bochum-Mitte,Germany,
Zentralfriedhof Friedrichsfelde,52.515555555,13.510555555,Wikidata: Q190494,Lichtenberg,Germany,
Zentralfriedhof Graz,47.0449,15.4249,Wikidata: Q190484,Graz,Austria,
Zentralstellwerk Basel SBB,47.5436,7.5995,Wikidata: Q124149581,Basel,Switzerland,
Zes grafheuvels en een grafkelder op de Algemene begraafplaats Vorden,52.11132,6.33016,Wikidata: Q17456271,Bronckhorst,Netherlands,
Zhalan Cemetery,39.93016,116.3399,Wikidata: Q4578286,Xicheng District,China,
Zhao Mausoleum,34.63168,108.48335,Wikidata: Q197502,Liquan County,China,
Ziegler House,55.67667,12.57645,Wikidata: Q28225880,Copenhagen Municipality,Denmark,
Zifeng Tower,32.062472222,118.778055555,Wikidata: Q382121,,,
Zincirlikuyu Cemetery,41.0738,29.0079,Wikidata: Q29635,Şişli,Turkey,
Zion's Church,53.220432,8.922454,Wikidata: Q8072471,Worpswede,Germany,
Zirl parish church,47.2714,11.2428,Wikidata: Q2083307,Zirl,Austria,
Žižkov Television Tower,50.080833333,14.451388888,Wikidata: Q1413217,Žižkov,Czech Republic,
Žižkova mohyla,49.60291,15.736839,Wikidata: Q16963217,Q56412316,Czech Republic,
Złota 44,52.23111111,21.0025,Wikidata: Q249053,Śródmieście,Poland,
Zorgvlied,52.335556,4.900278,Wikidata: Q2394981,Amsterdam,Netherlands,
Zōshigaya Cemetery,35.72222222,139.71944444,Wikidata: Q1457455,Tokyo,Japan,
Zudausques Churchyard,50.74933,2.149744,Wikidata: Q2160139,Zudausques,France,
Zuiderbegraafplaats,53.20605,6.571711,Wikidata: Q2792904,Groningen,Netherlands,
Zuytpeene churchyard,50.793744,2.430435,Wikidata: Q2160194,Zuytpeene,France,
"Zvezdnaya street 15 k2, Saint Petersburg",59.8343,30.36856,Wikidata: Q124654580,Gagarinskoe,Russia,
Zwarte Berg,51.40541,5.26102,Wikidata: Q2409112,Bladel,Netherlands,
Zwinger,51.053055555,13.733888888,Wikidata: Q155107,Dresden,Germany,
Адміністрацыйны будынак ЦНДІТК,53.88547,27.58333,Wikidata: Q98075254,Minsk,Belarus,
Алтуфьевское кладбище,55.907625,37.594363888,Wikidata: Q4062997,Moscow,Russia,
Братское кладбище Никольского единоверческого монастыря,55.790833333,37.7175,Wikidata: Q4095990,Moscow,Russia,
Вешняковское кладбище,55.72367501,37.79773334,Wikidata: Q4110297,Moscow,Russia,
Воинское мемориальное кладбище (Ярославль),57.63194444,39.83083333,Wikidata: Q4122453,Yaroslavl,Russia,
Воронежская синагога,51.6582,39.1968,Wikidata: Q111287126,Voronezh,Russia,
Гольяновское кладбище,55.830438888,37.812408333,Wikidata: Q4142848,Moscow,Russia,
Детский сад,59.926082,30.334579,Wikidata: Q131418447,Saint Petersburg,Russia,
Дом сувязі,52.424215,31.012664,Wikidata: Q104759301,Gomel,Belarus,
Здание Иркутского областного краеведческого музея,52.275773,104.278092,Wikidata: Q123484611,Irkutsk,Russia,
Здание школы 345,59.869893,30.445448,Wikidata: Q131933120,Saint Petersburg,Russia,
Иорданское кладбище,50.471388888,30.488055555,Wikidata: Q4202827,Kyiv,Ukraine,
Капотнинское кладбище,55.638663888,37.790527777,Wikidata: Q4213162,Moscow,Russia,
Корпус № 5 Ленинградского электротехнического института,59.972339,30.323744,Wikidata: Q131767269,Petrogradsky District,Russia,
Мироносицкое кладбище,57.822983,28.312946,Wikidata: Q4296168,Pskov,Russia,
Пуща-Водицкое кладбище,50.555277777,30.338333333,Wikidata: Q4384870,Obolon Raion,Ukraine,
Северное кладбище,58.066333333,56.144194444,Wikidata: Q4412183,Dzerzhinsky City District,Russia,
Спасское кладбище (Тула),54.222121,37.607565,Wikidata: Q4430971,Tula,Russia,
Старообрядное кладбище,50.465277777,30.498055555,Wikidata: Q4503331,Kyiv,Ukraine,
Турыст,53.87588,27.62792,Wikidata: Q85832251,Minsk,Belarus,
Центральные бани,55.75984087,37.62269276,Wikidata: Q70413421,Meshchansky District,Russia,
中山王墓,38.32775,114.1972,Wikidata: Q1500653,Pingshan County,China,
湖景公墓,47.633888888,-122.315277777,Wikidata: Q872253,Seattle,United States,
瑞典斯德哥爾摩北墓園,59.356666666,18.019166666,Wikidata: Q252312,Solna Municipality,Sweden,
耶稣堂 (圣塞瓦斯蒂安),43.3078,-1.971,Wikidata: Q9006868,San Sebastián,Spain,
阿尔贝市政厅,50.002778,2.652778,Wikidata: Q28041494,Albert,France,